id,year,observer,count
Amazon2020,2020,ServiceProvider,2235
Amazon2021,2021,ServiceProvider,33848
Amazon2022,2022,ServiceProvider,67073
Amazon2023,2023,ServiceProvider,31281
Amazon2024,2024,ServiceProvider,64195
Amazon2025,2025,ServiceProvider,26500
Amazon2020,2020,NCMEC,2235
Amazon2021,2021,NCMEC,33833
Amazon2022,2022,NCMEC,70157
Amazon2023,2023,NCMEC,32359
Amazon2024,2024,NCMEC,75501
Amazon2025,2025,NCMEC,1129590
Aylo2020,2020,ServiceProvider,4171
Aylo2021,2021,ServiceProvider,9029
Aylo2022,2022,ServiceProvider,1996
Aylo2023,2023,ServiceProvider,2503
Aylo2024,2024,ServiceProvider,5508
Aylo2025,2025,ServiceProvider,3691
Aylo2020,2020,NCMEC,13229
Aylo2021,2021,NCMEC,9103
Aylo2022,2022,NCMEC,2095
Aylo2023,2023,NCMEC,2596
Aylo2024,2024,NCMEC,5537
Aylo2025,2025,NCMEC,3586
Google2020,2020,ServiceProvider,547875
Google2021,2021,ServiceProvider,870319
Google2022,2022,ServiceProvider,2174319
Google2023,2023,ServiceProvider,1472221
Google2024,2024,ServiceProvider,1176026
Google2025,2025,ServiceProvider,1457204
Google2020,2020,NCMEC,546704
Google2021,2021,NCMEC,875783
Google2022,2022,NCMEC,2174548
Google2023,2023,NCMEC,1470958
Google2024,2024,NCMEC,1175084
Google2025,2025,NCMEC,1461378
Meta2024,2024,ServiceProvider,11600000
Meta2025,2025,ServiceProvider,8300000
Meta2024,2024,NCMEC,13764805
Meta2025,2025,NCMEC,10992733
Microsoft2020,2020,ServiceProvider,96435
Microsoft2021,2021,ServiceProvider,78930
Microsoft2022,2022,ServiceProvider,107605
Microsoft2023,2023,ServiceProvider,140720
Microsoft2024,2024,ServiceProvider,101460
Microsoft2020,2020,NCMEC,96838
Microsoft2021,2021,NCMEC,78887
Microsoft2022,2022,NCMEC,108804
Microsoft2023,2023,NCMEC,141237
Microsoft2024,2024,NCMEC,102784
Pinterest2020,2020,ServiceProvider,3432
Pinterest2021,2021,ServiceProvider,2684
Pinterest2022,2022,ServiceProvider,32964
Pinterest2023,2023,ServiceProvider,50437
Pinterest2024,2024,ServiceProvider,25223
Pinterest2025,2025,ServiceProvider,407768
Pinterest2020,2020,NCMEC,3432
Pinterest2021,2021,NCMEC,2283
Pinterest2022,2022,NCMEC,34310
Pinterest2023,2023,NCMEC,52356
Pinterest2024,2024,NCMEC,65810
Pinterest2025,2025,NCMEC,418394
Reddit2019,2019,ServiceProvider,724
Reddit2020,2020,ServiceProvider,2233
Reddit2021,2021,ServiceProvider,10059
Reddit2022,2022,ServiceProvider,52592
Reddit2023,2023,ServiceProvider,290121
Reddit2024,2024,ServiceProvider,334597
Reddit2025,2025,ServiceProvider,65506
Reddit2019,2019,NCMEC,724
Reddit2020,2020,NCMEC,2233
Reddit2021,2021,NCMEC,10059
Reddit2022,2022,NCMEC,52592
Reddit2023,2023,NCMEC,290141
Reddit2024,2024,NCMEC,334597
Reddit2025,2025,NCMEC,65381
Snap2022,2022,ServiceProvider,550755
Snap2023,2023,ServiceProvider,691225
Snap2024,2024,ServiceProvider,1050278
Snap2022,2022,NCMEC,551086
Snap2023,2023,NCMEC,713055
Snap2024,2024,NCMEC,1174698
X2024,2024,ServiceProvider,684505
X2024,2024,NCMEC,686176
