year,observer,count,topic
2020,Amazon,2235,Amazon
2021,Amazon,33848,Amazon
2022,Amazon,67073,Amazon
2023,Amazon,31281,Amazon
2024,Amazon,64195,Amazon
2020,NCMEC,2235,Amazon
2021,NCMEC,33833,Amazon
2022,NCMEC,70157,Amazon
2023,NCMEC,32359,Amazon
2024,NCMEC,75501,Amazon
2020,Aylo,4171,Aylo
2021,Aylo,9029,Aylo
2022,Aylo,1996,Aylo
2023,Aylo,2503,Aylo
2024,Aylo,5508,Aylo
2020,NCMEC,13229,Aylo
2021,NCMEC,9103,Aylo
2022,NCMEC,2095,Aylo
2023,NCMEC,2596,Aylo
2024,NCMEC,5537,Aylo
2020,Google,547875,Google
2021,Google,870319,Google
2022,Google,2174319,Google
2023,Google,1472221,Google
2024,Google,1176026,Google
2020,NCMEC,546704,Google
2021,NCMEC,875783,Google
2022,NCMEC,2174548,Google
2023,NCMEC,1470958,Google
2024,NCMEC,1175084,Google
2024,Meta,11600000,Meta
2024,NCMEC,13764805,Meta
2020,Microsoft,96435,Microsoft
2021,Microsoft,78930,Microsoft
2022,Microsoft,107605,Microsoft
2023,Microsoft,140720,Microsoft
2024,Microsoft,101460,Microsoft
2020,NCMEC,96838,Microsoft
2021,NCMEC,78887,Microsoft
2022,NCMEC,108804,Microsoft
2023,NCMEC,141237,Microsoft
2024,NCMEC,102784,Microsoft
2020,Pinterest,3432,Pinterest
2021,Pinterest,2684,Pinterest
2022,Pinterest,32964,Pinterest
2023,Pinterest,50437,Pinterest
2024,Pinterest,25223,Pinterest
2020,NCMEC,3432,Pinterest
2021,NCMEC,2283,Pinterest
2022,NCMEC,34310,Pinterest
2023,NCMEC,52356,Pinterest
2024,NCMEC,65810,Pinterest
2019,Reddit,724,Reddit
2020,Reddit,2233,Reddit
2021,Reddit,10059,Reddit
2022,Reddit,52592,Reddit
2023,Reddit,290121,Reddit
2024,Reddit,334597,Reddit
2019,NCMEC,724,Reddit
2020,NCMEC,2233,Reddit
2021,NCMEC,10059,Reddit
2022,NCMEC,52592,Reddit
2023,NCMEC,290141,Reddit
2024,NCMEC,334597,Reddit
2022,Snap,550755,Snap
2023,Snap,691225,Snap
2024,Snap,1050278,Snap
2022,NCMEC,551086,Snap
2023,NCMEC,713055,Snap
2024,NCMEC,1174698,Snap
2024,X,684505,X
2024,NCMEC,686176,X
