source,target,year,variable,value
Amazon,Amazon,2020,reports,2235
Amazon,Amazon,2021,pieces,27244
Amazon,Amazon,2021,reports,33848
Amazon,Amazon,2022,pieces,52656
Amazon,Amazon,2022,reports,67073
Amazon,Amazon,2023,pieces,24756
Amazon,Amazon,2023,reports,31281
Amazon,Amazon,2024,pieces,31115
Amazon,Amazon,2024,reports,64195
Aylo,Aylo,2020,reports,4171
Aylo,Aylo,2021,pieces,20401
Aylo,Aylo,2021,reports,9029
Aylo,Aylo,2022,pieces,9588
Aylo,Aylo,2022,reports,1996
Aylo,Aylo,2023,pieces,7313
Aylo,Aylo,2023,reports,2503
Aylo,Aylo,2024,pieces,10523
Aylo,Aylo,2024,reports,5508
Google,Google,2020,pieces,4437853
Google,Google,2020,reports,547875
Google,Google,2021,pieces,6696497
Google,Google,2021,reports,870319
Google,Google,2022,pieces,13402885
Google,Google,2022,reports,2174319
Google,Google,2023,pieces,7955169
Google,Google,2023,reports,1472221
Google,Google,2024,pieces,5357587
Google,Google,2024,reports,1176026
Meta,Meta,2019,pieces,39368400
Meta,Meta,2020,pieces,38890800
Meta,Meta,2021,pieces,78012400
Meta,Meta,2022,pieces,105800000
Meta,Meta,2023,pieces,63300000
Meta,Meta,2024,pieces,50500000
Meta,Meta,2024,reports,11600000
Microsoft,Microsoft,2019,pieces,189
Microsoft,Microsoft,2020,pieces,1256449
Microsoft,Microsoft,2020,reports,96435
Microsoft,Microsoft,2021,pieces,564157
Microsoft,Microsoft,2021,reports,78930
Microsoft,Microsoft,2022,pieces,450447
Microsoft,Microsoft,2022,reports,107605
Microsoft,Microsoft,2023,pieces,403063
Microsoft,Microsoft,2023,reports,140757
Microsoft,Microsoft,2024,pieces,460671
Microsoft,Microsoft,2024,reports,101460
NCMEC,Amazon,2019,reports,549
NCMEC,Amazon,2020,reports,2235
NCMEC,Amazon,2021,reports,33833
NCMEC,Amazon,2022,reports,70157
NCMEC,Amazon,2023,reports,32359
NCMEC,Amazon,2024,reports,75501
NCMEC,Apple,2019,reports,205
NCMEC,Apple,2020,reports,265
NCMEC,Apple,2021,reports,160
NCMEC,Apple,2022,reports,234
NCMEC,Apple,2023,reports,267
NCMEC,Apple,2024,reports,250
NCMEC,Automattic,2019,reports,10443
NCMEC,Automattic,2020,reports,9130
NCMEC,Automattic,2021,reports,4821
NCMEC,Automattic,2022,reports,5035
NCMEC,Automattic,2023,reports,19591
NCMEC,Automattic,2024,reports,4345
NCMEC,Aylo,2020,reports,13229
NCMEC,Aylo,2021,reports,9103
NCMEC,Aylo,2022,reports,2095
NCMEC,Aylo,2023,reports,2596
NCMEC,Aylo,2024,reports,5537
NCMEC,Discord,2019,reports,19480
NCMEC,Discord,2020,reports,15324
NCMEC,Discord,2021,reports,29606
NCMEC,Discord,2022,reports,169800
NCMEC,Discord,2023,reports,339412
NCMEC,Discord,2024,reports,241354
NCMEC,ESP Total,2019,reports,16836694
NCMEC,ESP Total,2020,reports,21447786
NCMEC,ESP Total,2021,reports,29157083
NCMEC,ESP Total,2022,reports,31802525
NCMEC,ESP Total,2023,reports,35944826
NCMEC,ESP Total,2024,reports,20348306
NCMEC,Google,2019,reports,449283
NCMEC,Google,2020,reports,546704
NCMEC,Google,2021,reports,875783
NCMEC,Google,2022,reports,2174548
NCMEC,Google,2023,reports,1470958
NCMEC,Google,2024,reports,1175084
NCMEC,MediaLab,2019,reports,74350
NCMEC,MediaLab,2020,reports,46183
NCMEC,MediaLab,2021,reports,80968
NCMEC,MediaLab,2022,reports,101189
NCMEC,MediaLab,2023,reports,76784
NCMEC,MediaLab,2024,reports,668974
NCMEC,Meta,2019,reports,15884511
NCMEC,Meta,2020,reports,20307216
NCMEC,Meta,2021,reports,26885302
NCMEC,Meta,2022,reports,27190665
NCMEC,Meta,2023,reports,30658710
NCMEC,Meta,2024,reports,13764805
NCMEC,Microsoft,2019,reports,123929
NCMEC,Microsoft,2020,reports,96838
NCMEC,Microsoft,2021,reports,78887
NCMEC,Microsoft,2022,reports,108804
NCMEC,Microsoft,2023,reports,141237
NCMEC,Microsoft,2024,reports,102784
NCMEC,Omegle,2019,reports,3470
NCMEC,Omegle,2020,reports,20265
NCMEC,Omegle,2021,reports,46924
NCMEC,Omegle,2022,reports,608601
NCMEC,Omegle,2023,reports,188102
NCMEC,Omegle,2024,reports,12
NCMEC,Pinterest,2019,reports,7360
NCMEC,Pinterest,2020,reports,3432
NCMEC,Pinterest,2021,reports,2283
NCMEC,Pinterest,2022,reports,34310
NCMEC,Pinterest,2023,reports,52356
NCMEC,Pinterest,2024,reports,65810
NCMEC,Quora,2019,reports,1
NCMEC,Quora,2020,reports,2
NCMEC,Quora,2021,reports,25
NCMEC,Quora,2022,reports,2242
NCMEC,Quora,2023,reports,6135
NCMEC,Quora,2024,reports,8778
NCMEC,Reddit,2019,reports,724
NCMEC,Reddit,2020,reports,2233
NCMEC,Reddit,2021,reports,10059
NCMEC,Reddit,2022,reports,52592
NCMEC,Reddit,2023,reports,290141
NCMEC,Reddit,2024,reports,334597
NCMEC,Snap,2019,reports,82030
NCMEC,Snap,2020,reports,144095
NCMEC,Snap,2021,reports,512522
NCMEC,Snap,2022,reports,551086
NCMEC,Snap,2023,reports,713055
NCMEC,Snap,2024,reports,1174698
NCMEC,TikTok,2019,reports,596
NCMEC,TikTok,2020,reports,22692
NCMEC,TikTok,2021,reports,154618
NCMEC,TikTok,2022,reports,288125
NCMEC,TikTok,2023,reports,590376
NCMEC,TikTok,2024,reports,1359806
NCMEC,Total,2019,reports,16987361
NCMEC,Total,2020,reports,21751085
NCMEC,Total,2021,reports,29397681
NCMEC,Total,2022,reports,32059029
NCMEC,Total,2023,reports,36210368
NCMEC,Total,2024,reports,20512803
NCMEC,Wikimedia,2019,reports,13
NCMEC,Wikimedia,2020,reports,11
NCMEC,Wikimedia,2021,reports,8
NCMEC,Wikimedia,2022,reports,29
NCMEC,Wikimedia,2023,reports,34
NCMEC,Wikimedia,2024,reports,102
NCMEC,X,2019,reports,45726
NCMEC,X,2020,reports,65062
NCMEC,X,2021,reports,86666
NCMEC,X,2022,reports,98050
NCMEC,X,2023,reports,870503
NCMEC,X,2024,reports,686176
Pinterest,Pinterest,2020,reports,3432
Pinterest,Pinterest,2021,reports,2684
Pinterest,Pinterest,2022,pieces,37136
Pinterest,Pinterest,2022,reports,32964
Pinterest,Pinterest,2023,pieces,57774
Pinterest,Pinterest,2023,reports,50437
Pinterest,Pinterest,2024,pieces,19521
Pinterest,Pinterest,2024,reports,25223
Reddit,Reddit,2019,reports,724
Reddit,Reddit,2020,reports,2233
Reddit,Reddit,2021,pieces,9258
Reddit,Reddit,2021,reports,10059
Reddit,Reddit,2022,pieces,80888
Reddit,Reddit,2022,reports,52592
Reddit,Reddit,2023,reports,290121
Reddit,Reddit,2024,reports,334597
Snap,Snap,2022,pieces,1273838
Snap,Snap,2022,reports,550755
Snap,Snap,2023,pieces,1594805
Snap,Snap,2023,reports,691225
Snap,Snap,2024,pieces,2966492
Snap,Snap,2024,reports,1050278
X,X,2024,pieces,17352
X,X,2024,reports,684505
