country,iso3,2019,2020,2021,2022,2023,2024r,2024i
Afghanistan,AFG,"163,120","115,259","283,116","224,918","197,048","115,682","7,735"
Aland Islands,ALA,15,20,21,51,25,28,1
Albania,ALB,"17,545","23,426","15,985","11,376","8,821","6,719",636
Algeria,DZA,"700,535","1,102,939","1,171,653","731,167","762,754","276,967","50,898"
American Samoa,ASM,33,67,114,223,90,43,14
Andorra,AND,92,126,104,202,261,89,17
Angola,AGO,"10,163","14,622","13,346","22,644","33,998","14,990","8,514"
Anguilla,AIA,40,80,70,78,99,50,7
Antarctica,ATA,1,1,4,6,3,1,
Antigua and Barbuda,ATG,196,124,149,351,261,288,19
Argentina,ARG,"57,372","76,857","91,957","136,040","134,880","122,339","15,119"
Armenia,ARM,"4,793","4,594","3,486","3,971","11,058","4,457",337
Aruba,ABW,359,640,527,726,587,387,49
Australia,AUS,"33,645","36,193","65,535","182,050","74,919","28,990","44,380"
Austria,AUT,"10,217","10,363","7,580","18,501","19,630","18,528","1,342"
Azerbaijan,AZE,"11,445","10,462","42,763","10,077","86,394","13,558","3,069"
Bahamas,BHS,421,670,858,"1,513","1,087",746,117
Bahrain/Bahrein,BHR,"26,093","22,960","32,346","25,896","27,503","11,647","2,380"
Bangladesh,BGD,"556,642","817,687","1,743,240","2,145,098","2,491,368","898,444","214,413"
Barbados,BRB,755,633,597,"2,486","1,269",994,"1,207"
Belarus,BLR,"1,828","2,603","5,636","6,598","15,618","21,858",433
Belgium,BEL,"21,448","22,154","15,762","50,255","41,926","23,307","3,474"
Belize,BLZ,"1,907","2,780","8,297","6,103","2,502","1,309",507
Benin,BEN,"3,480","3,977","3,683","6,203","8,489","5,268",859
Bermuda,BMU,67,55,91,275,167,110,21
Bhutan,BTN,"4,597","15,379","14,518","6,812","5,895","2,701",543
Bolivia,BOL,"22,597","120,161","36,551","46,298","33,300","23,849","3,763"
"Bonaire, Sint Eustatius and Saba",BES,42,123,74,89,74,66,5
Bosnia and Herzegovina,BIH,"15,675","21,263","10,930","12,115","15,762","6,712",883
Botswana,BWA,"1,582","9,195","1,998","4,494","4,987","1,852",719
Bouvet Island,BVT,,,1,,,,
Brazil,BRA,"398,069","432,196","437,091","611,230","567,985","517,060","76,635"
British Indian Ocean Territory,IOT,7,2,45,35,15,6,1
British Virgin Islands,VGB,60,63,79,180,237,64,29
Brunei,BRN,"2,070","2,119","3,214","2,988","2,638","1,317",268
Bulgaria,BGR,"16,892","16,962","13,584","31,937","17,726","13,444","17,228"
Burkina Faso,BFA,"3,266","3,250","2,528","3,051","3,682","4,182",350
Burma/Myanmar,MMR,"233,681","319,617","540,301","253,461","209,858","53,297","31,270"
Burundi,BDI,582,"1,117","1,486","2,274","2,133","1,635",643
Cambodia,KHM,"91,458","188,328","395,793","227,955","172,906","67,327","10,383"
Cameroon,CMR,"5,906","7,108","8,325","9,931","13,440","9,776","1,168"
Canada,CAN,"36,908","43,350","62,084","178,300","112,174","90,308","11,566"
Cape Verde Islands,CPV,"2,481","3,006","3,855","3,584","2,992",862,498
Cayman Islands,CYM,117,152,175,336,275,191,118
Central African Republic,CAF,221,321,241,248,302,137,24
Chad,TCD,340,624,713,"1,257","1,601",905,93
Chile,CHL,"28,641","42,619","45,087","64,404","64,495","45,341","8,091"
Christmas Island,CXR,1,1,1,2,,14,
Cocos (Keeling) Islands,CCK,,62,168,1,6,,
Colombia,COL,"264,582","763,997","440,203","647,907","602,660","215,618","47,078"
Comoros,COM,585,"1,029","3,963","4,194","2,979","1,939",200
Congo,COG,859,"1,165","1,151","2,302","3,691","2,885",419
"Congo, The Democratic Republic of the",COD,"3,856","6,461","5,368","12,052","13,302","10,011","1,378"
Cook Islands,COK,9,17,61,91,37,19,3
Costa Rica,CRI,"12,764","36,562","16,623","24,533","18,042","13,045","2,084"
Cote d'Ivoire (Ivory Coast),CIV,"18,916","20,274","17,676","27,116","38,169","22,127","3,482"
Croatia,HRV,"13,068","12,582","4,744","11,693","16,339","7,951",877
Cuba,CUB,"4,412","12,122","13,779","12,362","19,242","6,268","1,446"
Curaçao,CUW,388,"1,335",366,528,463,396,38
Cyprus,CYP,"2,502","3,302","2,657","7,361","7,564","3,452","2,282"
Czech Republic,CZE,"14,448","11,044","15,004","61,994","34,342","20,765","2,060"
Denmark,DNK,"6,148","6,504","5,891","30,215","12,048","9,570",839
Djibouti,DJI,"4,045","6,120","1,281","1,784",635,497,53
Dominica,DMA,108,115,128,394,274,173,15
Dominican Republic,DOM,"32,325","104,747","144,150","130,635","102,724","73,828","5,192"
Ecuador,ECU,"98,669","242,631","118,322","168,314","136,302","63,433","12,515"
Egypt,EGY,"276,596","449,940","622,633","431,044","627,802","233,389","69,440"
El Salvador,SLV,"25,015","73,197","35,868","46,619","27,560","14,715","3,132"
Equatorial Guinea,GNQ,157,198,157,266,567,450,126
Eretria,ERI,62,615,"1,199",228,"37",8,14
Estonia,EST,"1,951","4,695","2,729","6,408","4,338","4,132",410
Ethiopia,ETH,"15,054","17,451","6,851","11,146","9,347","4,913",995
Europe,EEE,,,,3,,,
Falkland Islands,FLK,1,5,15,25,8,2,1
Faroe Islands,FRO,58,56,76,412,175,95,6
Federated States of Micronesia,FSM,68,60,200,291,192,241,30
Fiji,FJI,"3,560","1,806","8,175","6,046","3,638","1,875",621
Finland,FIN,"4,850","4,419","6,079","10,904","16,364","24,234","2,461"
France,FRA,"71,422","89,871","98,233","227,465","310,519","147,803","12,413"
French Guiana,GUF,555,593,313,612,876,780,62
French Polynesia,PYF,320,249,477,776,661,331,41
French Southern Territories,ATF,,,,,1,,
Gabon,GAB,"1,201","1,511","1,873","2,440","3,114","3,136",448
"Gambia, The",GMB,276,377,298,437,808,642,158
Georgia,GEO,"6,157","6,913","7,168","12,966","15,055","11,189",900
Germany,DEU,"87,895","92,768","79,701","138,193","173,560","192,590","18,752"
Ghana,GHA,"12,707","13,178","19,733","21,909","20,586","21,208","2,418"
Gibraltar,GIB,49,114,123,120,148,77,17
Greece,GRC,"18,911","28,722","14,616","43,345","24,985","14,756","1,986"
Greenland,GRL,84,152,289,379,208,223,23
Grenada,GRD,347,266,438,841,460,447,39
Guadeloupe,GLP,"1,556",705,314,596,809,8,3
Guam,GUM,250,313,695,628,501,210,166
Guatemala,GTM,"72,598","121,725","65,076","87,390","75,230","31,426","7,060"
Guernsey,GGY,29,39,69,245,122,28,74
"Guiana, French",GUF,,1,2,,,,
Guinea,GIN,"3,438","6,277","3,808","4,559","6,158","2,383",686
Guinea-Bissau,GNB,236,319,168,222,265,150,4
Guyana,GUY,"2,063","2,496","3,254","4,145","4,264","3,131",392
Haiti,HTI,"3,437","4,541","4,314","5,229","8,089","6,416",591
Honduras,HND,"31,996","84,527","44,142","70,697","45,162","19,306","4,109"
Hong Kong,HKG,"7,114","8,180","20,722","37,581","23,424","9,563","3,190"
Hungary,HUN,"57,500","66,123","31,710","109,434","25,643","29,845","3,774"
Iceland,ISL,550,632,567,"2,739","1,299","1,602",100
India,IND,"1,987,430","2,725,518","4,699,515","5,675,324","8,923,738","1,521,666","730,862"
Indonesia,IDN,"840,221","986,648","1,861,135","1,878,011","1,925,549","1,235,762","214,641"
Iran,IRN,"60,580","145,800","223,144","263,769","69,083","57,397","49,676"
Iraq,IRQ,"1,026,809","919,966","1,220,470","905,883","749,746","493,534","94,691"
Ireland,IRL,"6,653","6,959","7,327","19,770","13,265","26,150","1,796"
Isle of Man,IMN,56,57,100,516,303,181,25
Israel,ISR,"28,691","23,597","23,411","22,250","71,189","19,844","4,468"
Italy,ITA,"57,113","62,399","37,480","96,512","90,424","108,979","23,929"
Jamaica,JAM,"2,567","2,253","3,743","5,953","6,118","6,768",633
Japan,JPN,"26,333","33,886","49,487","92,510","110,856","117,246","8,355"
Jersey,JEY,388,94,194,690,261,104,109
Jordan,JOR,"123,537","115,267","113,846","73,355","129,080","36,771","29,118"
Kazakhstan,KAZ,"10,680","9,238","16,752","17,055","143,064","128,933","2,296"
Kenya,KEN,"12,788","14,434","17,983","21,745","46,030","20,695","6,771"
Kiribati,KIR,136,82,179,250,279,71,128
Kosovo,XKX,694,"1,229","3,361","5,038","6,020","4,236",614
Kuwait,KWT,"63,492","68,582","78,803","58,456","70,754","31,726","6,655"
Kyrgyzstan,KGZ,"6,280","4,612","3,822","6,993","113,762","6,282","1,035"
Lao People's Democratic Republic,LAO,"23,599","24,402","43,809","26,507","20,337",15,10
Latvia,LVA,"1,347","1,418","1,537","3,688","4,671","6,298",321
Lebanon,LBN,"28,136","37,892","46,528","24,863","43,757","15,400","22,838"
Lesotho,LSO,878,"1,030",850,"2,708","1,214",576,77
Liberia,LBR,880,"1,926","1,770","6,375","2,987","1,357",528
Libya,LBY,"150,848","189,955","270,811","163,336","206,430","65,286","11,940"
Liechtenstein,LIE,16,26,17,48,32,46,
Lithuania,LTU,"11,857","7,624","3,509","16,603","12,005","7,277",819
Luxembourg,LUX,"1,506","1,488","2,005","2,004","3,000","1,909",214
Macao,MAC,959,937,"1,005","1,005",726,441,163
Macedonia,MKD,"8,092","8,939","6,045","9,369","12,310","4,414",748
Madagascar,MDG,"5,642","49,461","79,174","56,537","48,070","49,681","4,760"
Malawi,MWI,448,819,969,"1,932","1,719","1,314",246
Malaysia,MYS,"183,407","204,506","269,671","197,659","195,642","108,137","21,427"
Maldives,MDV,"4,865","6,627","9,638","7,813","8,332","4,365",597
Mali,MLI,"2,258","2,942","2,637","2,930","4,194","2,990",185
Malta,MLT,"1,978","1,649",750,"4,713","1,713","1,027",209
Marshall Islands,MHL,34,37,105,132,"70",81,14
Martinique,MTQ,611,474,317,716,748,5,1
Mauritania,MRT,"7,739","25,236","5,943","6,606","8,875","4,413",516
Mauritius,MUS,"4,153","4,292","7,430","5,751","4,533","3,210",479
Mayotte,MYT,460,657,966,"1,823","1,963",936,116
Mexico,MEX,"827,988","793,721","786,215","815,792","717,468","342,558","83,800"
Moldova,MDA,"10,516","5,993","9,547","8,372","30,972","11,196","1,080"
Monaco,MCO,340,886,494,391,304,109,5
Mongolia,MNG,"4,636","10,757","21,656","25,716","80,203","6,591",971
Montenegro,MNE,"3,720","6,784","2,517","2,578","8,490","1,682",209
Montserrat,MSR,8,1,2,24,15,12,1
Morocco,MAR,"322,889","705,863","347,443","258,172","543,638","135,124","70,639"
Mozambique,MOZ,"4,688","6,824","6,691","12,312","12,533","14,837","3,050"
Namibia,NAM,897,789,906,"1,318","1,345","1,174",213
Nauru,NRU,31,33,49,105,46,20,5
Nepal,NPL,"63,366","178,371","263,130","182,978","174,824","42,740","14,859"
Netherlands,NLD,"25,753","25,704","36,790","57,012","72,913","245,365","27,681"
Netherlands Antilles,ANT,1,10,2,1,,,
New Caledonia,NCL,362,665,"2,375","1,203","966",502,47
New Zealand,NZL,"4,973","6,511","9,971","32,766","16,474","25,223","3,117"
Nicaragua,NIC,"19,065","45,487","37,012","79,591","48,018","21,437","3,334"
Niger,NER,666,700,828,"1,075","1,387",821,117
Nigeria,NGA,"39,052","46,610","57,654","123,256","339,660","419,398","18,921"
Niue,NIU,,,1,1,,,
Norfolk Island,NFK,2,0,,6,1,2,
North Korea,PRK,1,9,2,1,1,,2
Northern Mariana Islands,MNP,101,77,317,158,114,55,54
Norway,NOR,"8,031","6,979","7,807","47,026","13,300","22,210","2,262"
Oman,OMN,"41,494","41,533","64,156","55,355","99,862","44,100","4,820"
Pakistan,PAK,"1,158,390","1,288,513","2,030,801","2,059,884","1,924,739","825,209","211,399"
Palau,PLW,81,91,157,113,110,57,17
Palestinian Territory,PSE,"37,008","38,033","39,095","28,452","70,472","12,251","2,091"
Panama,PAN,"7,132","8,928","10,613","14,003","31,973","8,820","1,602"
Papua New Guinea,PNG,"1,353","3,140","7,076","12,578","11,108","8,627",660
Paraguay,PRY,"6,157","9,035","13,309","19,132","18,486","12,770","2,591"
People's Republic of China,CHN,"3,441","4,627","7,644","7,348","14,004","4,038",590
Peru,PER,"160,839","490,878","192,943","220,424","159,605","119,210","18,601"
Philippines,PHL,"801,272","1,339,597","3,188,793","2,576,182","2,740,905","1,364,464","356,785"
"Pitcairn, Henderson, Ducie, and Oeno",PCN,,,,11,4,,1
Poland,POL,"77,741","381,254","37,758","235,310","108,800","69,513","9,660"
Portugal,PRT,"30,369","26,982","34,415","42,674","45,675","22,950","3,731"
Puerto Rico,PRI,"7,849","11,859","6,703","6,796","5,358","3,557","1,441"
Qatar,QAT,"53,467","56,683","73,536","61,167","66,272","29,111","7,306"
Reunion,REU,"1,242","2,101","3,198","4,528","10,121","2,476",268
Romania/Rumania,ROU,"106,764","59,324","32,765","96,287","133,054","79,002","10,326"
Russian Federation,RUS,"72,037","64,580","81,897","89,326","158,015","233,737","10,233"
Rwanda,RWA,873,"1,456","1,248","1,817","1,559",959,"1,163"
Saint Bartelemey,BLM,7,12,9,14,19,,
"Saint Helena, Ascension, Tristan da Cunha",SHN,2,0,,1,4,1,1
Saint Kitts and Nevis,KNA,93,59,80,292,182,205,11
Saint Lucia,LCA,429,359,446,834,619,580,65
Saint Martin,MAF,53,56,20,50,50,,
Saint Pierre and Miquelon,SPM,5,15,62,60,16,12,
Saint Vincent and the Grenadines,VCT,253,303,407,703,444,438,51
Samoa,WSM,122,162,463,847,366,,
San Marino,SMR,7,12,5,36,38,16,2
Sao Tome and Principe,STP,692,576,412,450,948,240,48
Saudi Arabia,SAU,"514,832","510,240","708,980","602,745","833,909","417,373","73,309"
Senegal,SEN,"3,590","4,223","3,752","3,893","9,203","4,503",671
Serbia,SRB,"32,473","45,737","22,695","27,575","32,007","13,798","1,963"
Seychelles,SYC,"1,501",511,812,482,837,773,156
Sierre Leone,SLE,728,958,"1,185","1,676","1,247",808,75
Singapore,SGP,"18,426","22,769","53,603","74,792","35,063","14,960","3,933"
Sint Maarten,SXM,107,153,88,174,115,110,6
Slovakia,SVK,"6,769","6,554","7,275","39,748","13,164","8,062",584
Slovenia,SVN,"6,890","5,242","3,162","14,795","6,204","4,337",359
Solomon Islands,SLB,462,467,"1,466","1,570","1,294",504,145
Somalia,SOM,"17,245","21,745","29,636","22,310","20,951","7,449","1,008"
South Africa,ZAF,"38,031","105,925","50,875","82,398","92,959","51,558","16,280"
South Korea,KOR,"83,322","100,709","53,329","69,407","55,678","34,961","4,105"
South Sudan,SSD,633,"1,751","1,840","2,840","2,760",682,250
Spain,ESP,"46,836","70,544","33,136","77,727","104,748","51,694","19,767"
Sri Lanka,LKA,"73,202","130,267","152,811","146,025","137,361","55,261","8,920"
Sudan,SDN,"15,884","103,515","31,198","33,949","57,742","17,281","3,785"
Surinam,SUR,"3,366","2,666","2,062","3,096","3,417","1,480",243
"Svalbard, Jan Mayen",SJM,1,0,,1,1,,
Swaziland,SWZ,259,317,384,834,847,319,93
Sweden,SWE,"16,404","19,699","19,635","48,883","29,237","45,820","5,328"
Switzerland,CHE,"8,567","7,959","7,180","13,928","13,728","14,244","1,707"
Syria,SYR,"31,698","97,973","77,152","62,504","97,131","30,972","8,163"
Taiwan,TWN,"33,621","29,468","38,316","72,902","36,790","20,797","5,610"
Tajikistan,TJK,"5,065","3,510","4,036","8,885","22,892","3,395","2,004"
Tanzania,TZA,"6,785","5,752","7,068","8,385","10,940","6,768",967
Thailand,THA,"355,396","397,743","589,515","525,932","432,468","262,288","53,647"
Timor-Leste,TLS,"1,309","1,758","3,783","3,945","6,416","6,949",665
Togo,TGO,803,"1,097","1,391","2,917","3,436","2,062",223
Tokelau,TKL,,,4,4,,132,
Tonga,TON,37,68,188,717,193,53,22
Trinidad and Tobago,TTO,"3,537","3,411","4,552","9,306","6,155","5,740",830
Tunisia,TUN,"65,917","112,952","164,562","91,739","124,191","32,214","21,342"
Turkey,TUR,"222,881","225,126","289,046","276,331","817,503","204,488","275,961"
Turkmenistan,TKM,106,187,161,178,140,288,30
Turks and Calcos Islands,TCA,115,113,151,226,228,184,19
Tuvalu,TUV,4,10,25,50,17,6,15
Uganda,UGA,"4,976","6,575","4,538","5,510","7,659","7,579",583
Ukraine,UKR,"24,460","41,904","67,852","52,328","105,117","161,748","4,599"
United Arab Emirates,ARE,"330,268","216,874","327,820","265,307","295,661","138,728","32,590"
United Kingdom,GBR,"74,330","75,578","97,727","316,900","178,648","90,223","86,204"
United States,USA,"521,658","494,388","716,474","1,562,616","1,132,270","949,287","228,471"
United States Minor Outlying Islands,UMI,,,,,2,21,
Uruguay,URY,"5,187","5,894","6,320","8,235","9,808","8,650","1,132"
US Virgin Islands,VIR,131,216,200,281,248,234,21
Uzbekistan,UZB,"4,760","4,849","7,168","20,820","188,050","11,658","3,287"
Vanuatu,VUT,478,462,"1,414","1,861","1,321",794,121
Vatican City,VAT,,1,1,,,,
Venezuela,VEN,"37,802","127,975","150,778","301,190","249,567","110,158","16,068"
Vietnam,VNM,"379,554","843,963","716,065","957,432","533,236","285,193","95,967"
Wallis and Futuna,WLF,4,5,24,8,23,13,1
Western Sahara,ESH,7,4,77,12,20,7,7
Yemen Arab Republic,YEM,"41,984","69,709","243,340","211,626","320,910","160,703","55,324"
Zambia,ZMB,"2,841","3,726","3,881","7,885","8,777","3,676","3,525"
Zimbabwe,ZWE,391,718,810,"1,902","3,960","2,136",628
No Country Listed,,"1,668,157","641,874","1,193,266","1,662,916","1,851,762","1,489,223","675,865"
