year,iso3,country,users,accounts_per_capita
2024,XRA,Abkhazia,,0.433
2024,AFG,Afghanistan,,0.094
2024,ALB,Albania,,0.507
2024,DZA,Algeria,,0.542
2024,ASM,American Samoa,,0.633
2024,AND,Andorra,,0.582
2024,AGO,Angola,,0.133
2024,AIA,Anguilla,,0.596
2024,ATG,Antigua and Barbuda,,0.622
2024,ARG,Argentina,,0.703
2024,ARM,Armenia,,0.540
2024,ABW,Aruba,,0.773
2024,AUS,Australia,,0.779
2024,AUT,Austria,,0.801
2024,AZE,Azerbaijan,,0.649
2024,BHS,Bahamas,,0.620
2024,BHR,Bahrain,,0.732
2024,BGD,Bangladesh,,0.343
2024,BRB,Barbados,,0.637
2024,BLR,Belarus,,0.705
2024,BEL,Belgium,,0.764
2024,BLZ,Belize,,0.548
2024,BEN,Benin,,0.164
2024,BMU,Bermuda,,0.548
2024,BTN,Bhutan,,0.592
2024,BOL,Bolivia,,0.611
2024,BES,"Bonaire, Sint Eustatius, and Saba",,0.653
2024,BIH,Bosnia and Herzegovina,,0.653
2024,BWA,Botswana,,0.511
2024,BRA,Brazil,,0.678
2024,BRN,Brunei Darussalam,,0.644
2024,BGR,Bulgaria,,0.649
2024,BFA,Burkina Faso,,0.143
2024,BDI,Burundi,,0.077
2024,CPV,Cabo Verde,,0.499
2024,KHM,Cambodia,,0.724
2024,CMR,Cameroon,,0.185
2024,CAN,Canada,,0.794
2024,CYM,Cayman Islands,,0.722
2024,CAF,Central African Republic,,0.034
2024,TCD,Chad,,0.081
2024,CHL,Chile,,0.747
2024,CHN,China,,0.765
2024,CXR,Christmas Island,,0.650
2024,CCK,Cocos (Keeling) Islands,,0.506
2024,COL,Colombia,,0.692
2024,COM,Comoros,,0.294
2024,COD,Democratic Republic of the Congo,,0.066
2024,COG,Congo,,0.171
2024,COK,Cook Islands,,0.704
2024,CRI,Costa Rica,,0.745
2024,HRV,Croatia,,0.694
2024,CUB,Cuba,,0.601
2024,CUW,Curaçao,,0.578
2024,CYP,Cyprus,,0.607
2024,CZE,Czechia,,0.748
2024,CIV,Côte d'Ivoire,,0.234
2024,DNK,Denmark,,0.783
2024,DJI,Djibouti,,0.183
2024,DMA,Dominica,,0.537
2024,DOM,Dominican Republic,,0.631
2024,ECU,Ecuador,,0.740
2024,EGY,Egypt,,0.431
2024,SLV,El Salvador,,0.614
2024,GNQ,Equatorial Guinea,,0.078
2024,ERI,Eritrea,,0.004
2024,EST,Estonia,,0.731
2024,SWZ,Eswatini,,0.371
2024,ETH,Ethiopia,,0.062
2024,FLK,Falkland Islands,,0.720
2024,FRO,Faroe Islands,,0.644
2024,FJI,Fiji,,0.600
2024,FIN,Finland,,0.781
2024,FRA,France,,0.757
2024,GUF,French Guiana,,0.297
2024,PYF,French Polynesia,,0.632
2024,GAB,Gabon,,0.305
2024,GMB,Gambia,,0.161
2024,GEO,Georgia,,0.788
2024,DEU,Germany,,0.776
2024,GHA,Ghana,,0.229
2024,GIB,Gibraltar,,0.707
2024,GRC,Greece,,0.735
2024,GRL,Greenland,,0.704
2024,GRD,Grenada,,0.557
2024,GLP,Guadeloupe,,0.555
2024,GUM,Guam,,0.652
2024,GTM,Guatemala,,0.561
2024,GGY,Guernsey,,0.566
2024,GIN,Guinea,,0.204
2024,GNB,Guinea-Bissau,,0.199
2024,GUY,Guyana,,0.634
2024,HTI,Haiti,,0.224
2024,HND,Honduras,,0.423
2024,HKG,Hong Kong,,0.831
2024,HUN,Hungary,,0.729
2024,ISL,Iceland,,0.790
2024,IND,India,,0.337
2024,IDN,Indonesia,,0.502
2024,IRN,Iran,,0.522
2024,IRQ,Iraq,,0.738
2024,IRL,Ireland,,0.778
2024,IMN,Isle of Man,,0.596
2024,ISR,Israel,,0.722
2024,ITA,Italy,,0.712
2024,JAM,Jamaica,,0.548
2024,JPN,Japan,,0.786
2024,JEY,Jersey,,0.543
2024,JOR,Jordan,,0.557
2024,KAZ,Kazakhstan,,0.757
2024,KEN,Kenya,,0.265
2024,KIR,Kiribati,,0.383
2024,PRK,North Korea,,
2024,KOR,South Korea,,0.947
2024,XKX,Kosovo,,0.522
2024,KWT,Kuwait,,0.801
2024,KGZ,Kyrgyzstan,,0.456
2024,LAO,Lao People's Democratic Republic,,0.543
2024,LVA,Latvia,,0.756
2024,LBN,Lebanon,,0.689
2024,LSO,Lesotho,,0.263
2024,LBR,Liberia,,0.166
2024,LBY,Libya,,0.863
2024,LIE,Liechtenstein,,0.265
2024,LTU,Lithuania,,0.733
2024,LUX,Luxembourg,,0.469
2024,MAC,Macao,,0.455
2024,MDG,Madagascar,,0.121
2024,MWI,Malawi,,0.082
2024,MYS,Malaysia,,0.702
2024,MDV,Maldives,,0.711
2024,MLI,Mali,,0.089
2024,MLT,Malta,,0.692
2024,MHL,Marshall Islands,,0.611
2024,MTQ,Martinique,,0.440
2024,MRT,Mauritania,,0.299
2024,MUS,Mauritius,,0.677
2024,MYT,Mayotte,,0.246
2024,MEX,Mexico,,0.707
2024,FSM,Micronesia,,0.366
2024,MDA,Moldova,,0.464
2024,MCO,Monaco,,0.325
2024,MNG,Mongolia,,0.744
2024,MNE,Montenegro,,0.642
2024,MSR,Montserrat,,0.572
2024,MAR,Morocco,,0.555
2024,MOZ,Mozambique,,0.105
2024,MMR,Myanmar,,0.359
2024,NAM,Namibia,,0.246
2024,NRU,Nauru,,0.438
2024,NPL,Nepal,,0.481
2024,NLD,Netherlands,,0.809
2024,NCL,New Caledonia,,0.536
2024,NZL,New Zealand,,0.791
2024,NIC,Nicaragua,,0.560
2024,NER,Niger,,0.024
2024,NGA,Nigeria,,0.164
2024,NIU,Niue,,0.412
2024,NFK,Norfolk Island,,0.366
2024,MKD,North Macedonia,,0.551
2024,MNP,Northern Mariana Islands,,0.702
2024,NOR,Norway,,0.775
2024,OMN,Oman,,0.609
2024,PAK,Pakistan,,0.264
2024,PLW,Palau,,0.851
2024,PSE,Palestine,,0.415
2024,PAN,Panama,,0.627
2024,PNG,Papua New Guinea,,0.122
2024,PRY,Paraguay,,0.545
2024,PER,Peru,,0.712
2024,PHL,Philippines,,0.780
2024,POL,Poland,,0.756
2024,PRT,Portugal,,0.719
2024,PRI,Puerto Rico,,0.734
2024,QAT,Qatar,,0.840
2024,ROU,Romania,,0.686
2024,RUS,Russian Federation,,0.734
2024,RWA,Rwanda,,0.090
2024,REU,Réunion,,0.606
2024,BLM,Saint Barthélemy,,0.507
2024,SHN,"Saint Helena, Ascension and Tristan da Cunha",,0.441
2024,KNA,Saint Kitts and Nevis,,0.707
2024,LCA,Saint Lucia,,0.509
2024,MAF,Saint Martin (French part),,0.475
2024,SPM,Saint Pierre and Miquelon,,0.777
2024,VCT,Saint Vincent and the Grenadines,,0.619
2024,WSM,Samoa,,0.512
2024,SMR,San Marino,,0.268
2024,STP,Sao Tome and Principe,,0.289
2024,SAU,Saudi Arabia,,0.996
2024,SEN,Senegal,,0.268
2024,SRB,Serbia,,0.721
2024,SYC,Seychelles,,0.535
2024,SLE,Sierra Leone,,0.132
2024,SGP,Singapore,,0.882
2024,SXM,Sint Maarten (Dutch part),,0.726
2024,SVK,Slovakia,,0.724
2024,SVN,Slovenia,,0.746
2024,SLB,Solomon Islands,,0.210
2024,SOM,Somalia,,0.158
2024,ZAF,South Africa,,0.415
2024,SSD,South Sudan,,0.072
2024,ESP,Spain,,0.829
2024,LKA,Sri Lanka,,0.354
2024,SDN,Sudan,,0.072
2024,SUR,Suriname,,0.548
2024,SJM,Svalbard and Jan Mayen,,0.385
2024,SWE,Sweden,,0.814
2024,CHE,Switzerland,,0.749
2024,SYR,Syrian Arab Republic,,
2024,TWN,Taiwan,,0.794
2024,TJK,Tajikistan,,0.164
2024,TZA,Tanzania,,0.097
2024,THA,Thailand,,0.711
2024,TLS,Timor-Leste,,0.418
2024,TGO,Togo,,0.097
2024,TKL,Tokelau,,0.078
2024,TON,Tonga,,0.641
2024,XRT,Transnistria,,0.231
2024,TTO,Trinidad and Tobago,,0.578
2024,TUN,Tunisia,,0.589
2024,TKM,Turkmenistan,,0.032
2024,TCA,Turks and Caicos Islands,,0.737
2024,TUV,Tuvalu,,0.319
2024,TUR,Türkiye,,0.667
2024,UGA,Uganda,,0.047
2024,UKR,Ukraine,,0.564
2024,ARE,United Arab Emirates,,1.000
2024,GBR,United Kingdom of Great Britain and Northern Ireland,,0.790
2024,USA,United States of America,,0.730
2024,URY,Uruguay,,0.762
2024,UZB,Uzbekistan,,0.317
2024,VUT,Vanuatu,,0.393
2024,VEN,Venezuela,,0.531
2024,VNM,Viet Nam,,0.752
2024,VGB,British Virgin Islands,,0.593
2024,VIR,U.S. Virgin Islands,,0.483
2024,WLF,Wallis and Futuna,,0.409
2024,ESH,Western Sahara,,
2024,YEM,Yemen,,0.107
2024,ZMB,Zambia,,0.171
2024,ZWE,Zimbabwe,,0.125
2024,ALA,Åland Islands,,0.609
2023,XRA,Abkhazia,111_500,0.456
2023,AFG,Afghanistan,3_700_000,0.086
2023,ALB,Albania,1_530_000,0.54
2023,DZA,Algeria,24_850_000,0.541
2023,ASM,American Samoa,28_000,0.64
2023,AND,Andorra,44_700,0.557
2023,AGO,Angola,5_000_000,0.134
2023,AIA,Anguilla,9_250,0.581
2023,ATG,Antigua and Barbuda,56_900,0.602
2023,ARG,Argentina,31_300_000,0.682
2023,ARM,Armenia,1_550_000,0.558
2023,ABW,Aruba,80_400,0.757
2023,AUS,Australia,20_800_000,0.783
2023,AUT,Austria,7_300_000,0.816
2023,AZE,Azerbaijan,6_100_000,0.584
2023,BHS,Bahamas,243_000,0.587
2023,BHR,Bahrain,1_450_000,0.972
2023,BGD,Bangladesh,52_900_000,0.304
2023,BRB,Barbados,180_300,0.639
2023,BLR,Belarus,5_630_000,0.594
2023,BEL,Belgium,9_170_000,0.784
2023,BLZ,Belize,223_500,0.54
2023,BEN,Benin,2_150_000,0.155
2023,BMU,Bermuda,34_400,0.537
2023,BTN,Bhutan,457_300,0.579
2023,BOL,Bolivia,7_550_000,0.605
2023,BES,"Bonaire, Sint Eustatius, and Saba",18_900,0.695
2023,BIH,Bosnia and Herzegovina,2_160_000,0.675
2023,BWA,Botswana,1_200_000,0.445
2023,BRA,Brazil,144_000_000,0.663
2023,BRN,Brunei Darussalam,301_000,0.663
2023,BGR,Bulgaria,4_440_000,0.668
2023,BFA,Burkina Faso,2_850_000,0.121
2023,BDI,Burundi,940_400,0.07
2023,CPV,Cabo Verde,266_100,0.442
2023,KHM,Cambodia,11_650_000,0.684
2023,CMR,Cameroon,5_050_000,0.174
2023,CAN,Canada,31_900_000,0.819
2023,CYM,Cayman Islands,51_800,0.744
2023,CAF,Central African Republic,159_500,0.027
2023,TCD,Chad,973_000,0.052
2023,CHL,Chile,15_200_000,0.774
2023,CHN,China,1_060_000_000,0.742
2023,CXR,Christmas Island,850,0.502
2023,CCK,Cocos (Keeling) Islands,200,0.337
2023,COL,Colombia,36_700_000,0.703
2023,COM,Comoros,237_200,0.276
2023,COD,Democratic Republic of the Congo,6_450_000,0.062
2023,COG,Congo,1_020_000,0.165
2023,COK,Cook Islands,10_300,0.601
2023,CRI,Costa Rica,3_860_000,0.738
2023,HRV,Croatia,2_790_000,0.698
2023,CUB,Cuba,6_690_000,0.599
2023,CUW,Curaçao,104_200,0.541
2023,CYP,Cyprus,823_500,0.651
2023,CZE,Czechia,8_050_000,0.767
2023,CIV,Côte d'Ivoire,7_000_000,0.239
2023,DNK,Denmark,4_720_000,0.797
2023,DJI,Djibouti,176_500,0.154
2023,DMA,Dominica,34_700,0.474
2023,DOM,Dominican Republic,7_230_000,0.635
2023,ECU,Ecuador,12_660_000,0.692
2023,EGY,Egypt,45_400_000,0.4
2023,SLV,El Salvador,3_900_000,0.611
2023,GNQ,Equatorial Guinea,180_500,0.104
2023,ERI,Eritrea,13_800,0.004
2023,EST,Estonia,1_040_000,0.787
2023,SWZ,Eswatini,410_300,0.337
2023,ETH,Ethiopia,7_050_000,0.055
2023,FLK,Falkland Islands,2_650,0.698
2023,FRO,Faroe Islands,35_600,0.667
2023,FJI,Fiji,544_000,0.579
2023,FIN,Finland,4_460_000,0.804
2023,FRA,France,50_700_000,0.782
2023,GUF,French Guiana,84_800,0.268
2023,PYF,French Polynesia,161_400,0.52
2023,GAB,Gabon,751_800,0.306
2023,GMB,Gambia,404_000,0.144
2023,GEO,Georgia,2_850_000,0.766
2023,DEU,Germany,67_800_000,0.814
2023,GHA,Ghana,7_400_000,0.215
2023,GIB,Gibraltar,20_600,0.628
2023,GRC,Greece,7_400_000,0.717
2023,GRL,Greenland,39_200,0.69
2023,GRD,Grenada,65_300,0.516
2023,GLP,Guadeloupe,154_400,0.39
2023,GUM,Guam,108_000,0.622
2023,GTM,Guatemala,9_110_000,0.5
2023,GGY,Guernsey,34_200,0.536
2023,GIN,Guinea,2_600_000,0.181
2023,GNB,Guinea-Bissau,302_200,0.139
2023,GUY,Guyana,493_100,0.604
2023,HTI,Haiti,2_600_000,0.22
2023,HND,Honduras,4_550_000,0.426
2023,HKG,Hong Kong,6_460_000,0.862
2023,HUN,Hungary,7_290_000,0.724
2023,ISL,Iceland,276_000,0.733
2023,IND,India,462_000_000,0.322
2023,IDN,Indonesia,139_000_000,0.499
2023,IRN,Iran,48_000_000,0.536
2023,IRQ,Iraq,31_950_000,0.694
2023,IRL,Ireland,4_010_000,0.79
2023,IMN,Isle of Man,47_600,0.561
2023,ISR,Israel,6_920_000,0.749
2023,ITA,Italy,42_800_000,0.728
2023,JAM,Jamaica,1_610_000,0.569
2023,JPN,Japan,96_000_000,0.781
2023,JEY,Jersey,54_400,0.484
2023,JOR,Jordan,6_380_000,0.562
2023,KAZ,Kazakhstan,14_100_000,0.715
2023,KEN,Kenya,13_050_000,0.235
2023,KIR,Kiribati,52_100,0.387
2023,PRK,North Korea,,
2023,KOR,South Korea,48_340_000,0.934
2023,XKX,Kosovo,855_900,0.514
2023,KWT,Kuwait,4_150_000,0.959
2023,KGZ,Kyrgyzstan,2_950_000,0.435
2023,LAO,Lao People's Democratic Republic,3_750_000,0.488
2023,LVA,Latvia,1_460_000,0.802
2023,LBN,Lebanon,4_520_000,0.856
2023,LSO,Lesotho,601_800,0.257
2023,LBR,Liberia,859_000,0.157
2023,LBY,Libya,5_900_000,0.852
2023,LIE,Liechtenstein,11_000,0.277
2023,LTU,Lithuania,2_100_000,0.776
2023,LUX,Luxembourg,307_000,0.466
2023,MAC,Macao,323_200,0.456
2023,MDG,Madagascar,3_800_000,0.124
2023,MWI,Malawi,1_300_000,0.061
2023,MYS,Malaysia,28_600_000,0.831
2023,MDV,Maldives,363_300,0.699
2023,MLI,Mali,2_150_000,0.091
2023,MLT,Malta,366_500,0.684
2023,MHL,Marshall Islands,22_300,0.528
2023,MTQ,Martinique,144_000,0.393
2023,MRT,Mauritania,1_240_000,0.251
2023,MUS,Mauritius,820_900,0.631
2023,MYT,Mayotte,56_400,0.165
2023,MEX,Mexico,90_200_000,0.7
2023,FSM,Micronesia,38_300,0.331
2023,MDA,Moldova,1_580_000,0.468
2023,MCO,Monaco,14_000,0.385
2023,MNG,Mongolia,2_500_000,0.72
2023,MNE,Montenegro,405_700,0.648
2023,MSR,Montserrat,2_700,0.616
2023,MAR,Morocco,21_200_000,0.557
2023,MOZ,Mozambique,3_200_000,0.093
2023,MMR,Myanmar,18_500_000,0.338
2023,NAM,Namibia,703_900,0.268
2023,NRU,Nauru,8_400,0.655
2023,NPL,Nepal,13_500_000,0.435
2023,NLD,Netherlands,15_000_000,0.85
2023,NCL,New Caledonia,144_300,0.49
2023,NZL,New Zealand,4_130_000,0.787
2023,NIC,Nicaragua,3_700_000,0.522
2023,NER,Niger,611_100,0.022
2023,NGA,Nigeria,36_750_000,0.162
2023,NIU,Niue,1_400,0.724
2023,NFK,Norfolk Island,700,0.32
2023,MKD,North Macedonia,944_600,0.454
2023,MNP,Northern Mariana Islands,29_600,0.593
2023,NOR,Norway,4_490_000,0.817
2023,OMN,Oman,3_970_000,0.848
2023,PAK,Pakistan,71_700_000,0.295
2023,PLW,Palau,14_500,0.8
2023,PSE,Palestine,2_200_000,0.45
2023,PAN,Panama,2_570_000,0.57
2023,PNG,Papua New Guinea,1_100_000,0.106
2023,PRY,Paraguay,4_220_000,0.611
2023,PER,Peru,24_050_000,0.697
2023,PHL,Philippines,86_750_000,0.734
2023,POL,Poland,27_900_000,0.688
2023,PRT,Portugal,7_430_000,0.726
2023,PRI,Puerto Rico,2_310_000,0.708
2023,QAT,Qatar,2_600_000,0.952
2023,ROU,Romania,13_300_000,0.674
2023,RUS,Russian Federation,106_000_000,0.735
2023,RWA,Rwanda,930_400,0.065
2023,REU,Réunion,498_700,0.506
2023,BLM,Saint Barthélemy,8_400,0.763
2023,SHN,"Saint Helena, Ascension and Tristan da Cunha",2_600,0.492
2023,KNA,Saint Kitts and Nevis,32_900,0.687
2023,LCA,Saint Lucia,90_900,0.503
2023,MAF,Saint Martin (French part),12_300,0.382
2023,SPM,Saint Pierre and Miquelon,5_450,0.935
2023,VCT,Saint Vincent and the Grenadines,62_200,0.6
2023,WSM,Samoa,116_400,0.512
2023,SMR,San Marino,9_600,0.285
2023,STP,Sao Tome and Principe,63_100,0.269
2023,SAU,Saudi Arabia,35_100_000,0.943
2023,SEN,Senegal,3_710_000,0.206
2023,SRB,Serbia,5_000_000,0.703
2023,SYC,Seychelles,67_400,0.624
2023,SLE,Sierra Leone,1_020_000,0.115
2023,SGP,Singapore,5_130_000,0.85
2023,SXM,Sint Maarten (Dutch part),30_600,0.69
2023,SVK,Slovakia,4_160_000,0.724
2023,SVN,Slovenia,1_630_000,0.769
2023,SLB,Solomon Islands,158_100,0.211
2023,SOM,Somalia,2_920_000,0.158
2023,ZAF,South Africa,26_000_000,0.428
2023,SSD,South Sudan,739_000,0.066
2023,ESP,Spain,39_700_000,0.836
2023,LKA,Sri Lanka,7_500_000,0.342
2023,SDN,Sudan,2_910_000,0.06
2023,SUR,Suriname,342_100,0.546
2023,SJM,Svalbard and Jan Mayen,1_500,0.578
2023,SWE,Sweden,8_530_000,0.801
2023,CHE,Switzerland,6_920_000,0.784
2023,SYR,Syrian Arab Republic,,
2023,TWN,Taiwan,19_200_000,0.802
2023,TJK,Tajikistan,1_600_000,0.156
2023,TZA,Tanzania,5_650_000,0.083
2023,THA,Thailand,49_100_000,0.683
2023,TLS,Timor-Leste,578_500,0.422
2023,TGO,Togo,913_500,0.1
2023,TKL,Tokelau,100,0.053
2023,TON,Tonga,66_500,0.614
2023,XRT,Transnistria,108_200,0.232
2023,TTO,Trinidad and Tobago,833_000,0.542
2023,TUN,Tunisia,7_120_000,0.569
2023,TKM,Turkmenistan,111_800,0.017
2023,TCA,Turks and Caicos Islands,3_700,0.664
2023,TUV,Tuvalu,6_000,0.525
2023,TUR,Türkiye,57_500_000,0.668
2023,UGA,Uganda,2_600_000,0.053
2023,UKR,Ukraine,24_300_000,0.649
2023,ARE,United Arab Emirates,10_730_000,1.123
2023,GBR,United Kingdom of Great Britain and Northern Ireland,56_200_000,0.828
2023,USA,United States of America,239_000_000,0.701
2023,URY,Uruguay,2_500_000,0.73
2023,UZB,Uzbekistan,8_700_000,0.246
2023,VUT,Vanuatu,121_100,0.358
2023,VEN,Venezuela,14_050_000,0.482
2023,VNM,Viet Nam,72_700_000,0.733
2023,VGB,British Virgin Islands,25_000,0.79
2023,VIR,U.S. Virgin Islands,34_500,0.35
2023,WLF,Wallis and Futuna,4_800,0.418
2023,ESH,Western Sahara,341_600,0.576
2023,YEM,Yemen,3_600_000,0.103
2023,ZMB,Zambia,3_550_000,0.17
2023,ZWE,Zimbabwe,2_050_000,0.122
2022,XRA,Abkhazia,,0.504
2022,AFG,Afghanistan,,0.076
2022,ALB,Albania,,0.564
2022,DZA,Algeria,,0.529
2022,ASM,American Samoa,,0.677
2022,AND,Andorra,,0.641
2022,AGO,Angola,,0.102
2022,AIA,Anguilla,,0.671
2022,ATG,Antigua and Barbuda,,0.673
2022,ARG,Argentina,,0.797
2022,ARM,Armenia,,0.666
2022,ABW,Aruba,,0.86
2022,AUS,Australia,,0.81
2022,AUT,Austria,,0.82
2022,AZE,Azerbaijan,,0.4
2022,BHS,Bahamas,,0.583
2022,BHR,Bahrain,,0.987
2022,BGD,Bangladesh,,0.26
2022,BRB,Barbados,,0.749
2022,BLR,Belarus,,0.449
2022,BEL,Belgium,,0.809
2022,BLZ,Belize,,0.617
2022,BEN,Benin,,0.096
2022,BMU,Bermuda,,0.701
2022,BTN,Bhutan,,0.605
2022,BOL,Bolivia,,0.61
2022,BES,"Bonaire, Sint Eustatius, and Saba",,0.696
2022,BIH,Bosnia and Herzegovina,,0.559
2022,BWA,Botswana,,0.413
2022,BRA,Brazil,,0.706
2022,BRN,Brunei Darussalam,,0.944
2022,BGR,Bulgaria,,0.657
2022,BFA,Burkina Faso,,0.089
2022,BDI,Burundi,,0.055
2022,CPV,Cabo Verde,,0.483
2022,KHM,Cambodia,,0.65
2022,CMR,Cameroon,,0.138
2022,CAN,Canada,,0.857
2022,CYM,Cayman Islands,,0.88
2022,CAF,Central African Republic,,0.021
2022,TCD,Chad,,0.027
2022,CHL,Chile,,0.844
2022,CHN,China,,0.72
2022,CXR,Christmas Island,,0.916
2022,CCK,Cocos (Keeling) Islands,,0.337
2022,COL,Colombia,,0.74
2022,COM,Comoros,,0.222
2022,COD,Democratic Republic of the Congo,,0.049
2022,COG,Congo,,0.126
2022,COK,Cook Islands,,0.619
2022,CRI,Costa Rica,,0.737
2022,HRV,Croatia,,0.731
2022,CUB,Cuba,,0.597
2022,CUW,Curaçao,,0.568
2022,CYP,Cyprus,,0.876
2022,CZE,Czechia,,0.769
2022,CIV,Côte d'Ivoire,,0.179
2022,DNK,Denmark,,0.838
2022,DJI,Djibouti,,0.083
2022,DMA,Dominica,,0.55
2022,DOM,Dominican Republic,,0.655
2022,ECU,Ecuador,,0.735
2022,EGY,Egypt,,0.414
2022,SLV,El Salvador,,0.63
2022,GNQ,Equatorial Guinea,,0.06
2022,ERI,Eritrea,,0.003
2022,EST,Estonia,,0.808
2022,SWZ,Eswatini,,0.279
2022,ETH,Ethiopia,,0.051
2022,FLK,Falkland Islands,,0.739
2022,FRO,Faroe Islands,,0.807
2022,FJI,Fiji,,0.59
2022,FIN,Finland,,0.833
2022,FRA,France,,0.805
2022,GUF,French Guiana,,0.396
2022,PYF,French Polynesia,,0.617
2022,GAB,Gabon,,0.282
2022,GMB,Gambia,,0.133
2022,GEO,Georgia,,0.817
2022,DEU,Germany,,0.851
2022,GHA,Ghana,,0.195
2022,GIB,Gibraltar,,0.813
2022,GRC,Greece,,0.723
2022,GRL,Greenland,,0.735
2022,GRD,Grenada,,0.623
2022,GLP,Guadeloupe,,0.608
2022,GUM,Guam,,0.819
2022,GTM,Guatemala,,0.484
2022,GGY,Guernsey,,0.702
2022,GIN,Guinea,,0.139
2022,GNB,Guinea-Bissau,,0.113
2022,GUY,Guyana,,0.568
2022,HTI,Haiti,,0.18
2022,HND,Honduras,,0.418
2022,HKG,Hong Kong,,0.899
2022,HUN,Hungary,,0.722
2022,ISL,Iceland,,0.825
2022,IND,India,,0.328
2022,IDN,Indonesia,,0.604
2022,IRN,Iran,,0.54
2022,IRQ,Iraq,,0.567
2022,IRL,Ireland,,0.798
2022,IMN,Isle of Man,,0.754
2022,ISR,Israel,,0.775
2022,ITA,Italy,,0.745
2022,JAM,Jamaica,,0.495
2022,JPN,Japan,,0.744
2022,JEY,Jersey,,0.656
2022,JOR,Jordan,,0.584
2022,KAZ,Kazakhstan,,0.608
2022,KEN,Kenya,,0.193
2022,KIR,Kiribati,,0.341
2022,PRK,North Korea,,
2022,KOR,South Korea,,0.92
2022,XKX,Kosovo,,0.561
2022,KWT,Kuwait,,0.837
2022,KGZ,Kyrgyzstan,,0.411
2022,LAO,Lao People's Democratic Republic,,0.442
2022,LVA,Latvia,,0.804
2022,LBN,Lebanon,,0.905
2022,LSO,Lesotho,,0.211
2022,LBR,Liberia,,0.12
2022,LBY,Libya,,0.825
2022,LIE,Liechtenstein,,0.356
2022,LTU,Lithuania,,0.776
2022,LUX,Luxembourg,,0.621
2022,MAC,Macao,,0.552
2022,MDG,Madagascar,,0.098
2022,MWI,Malawi,,0.038
2022,MYS,Malaysia,,0.785
2022,MDV,Maldives,,0.713
2022,MLI,Mali,,0.074
2022,MLT,Malta,,0.789
2022,MHL,Marshall Islands,,0.487
2022,MTQ,Martinique,,0.569
2022,MRT,Mauritania,,0.171
2022,MUS,Mauritius,,0.673
2022,MYT,Mayotte,,0.239
2022,MEX,Mexico,,0.734
2022,FSM,Micronesia,,0.323
2022,MDA,Moldova,,0.457
2022,MCO,Monaco,,0.359
2022,MNG,Mongolia,,0.73
2022,MNE,Montenegro,,0.754
2022,MSR,Montserrat,,0.569
2022,MAR,Morocco,,0.566
2022,MOZ,Mozambique,,0.075
2022,MMR,Myanmar,,0.276
2022,NAM,Namibia,,0.282
2022,NRU,Nauru,,0.648
2022,NPL,Nepal,,0.41
2022,NLD,Netherlands,,0.881
2022,NCL,New Caledonia,,0.621
2022,NZL,New Zealand,,0.814
2022,NIC,Nicaragua,,0.493
2022,NER,Niger,,0.018
2022,NGA,Nigeria,,0.143
2022,NIU,Niue,,0.62
2022,NFK,Norfolk Island,,0.297
2022,MKD,North Macedonia,,0.575
2022,MNP,Northern Mariana Islands,,0.698
2022,NOR,Norway,,0.847
2022,OMN,Oman,,0.905
2022,PAK,Pakistan,,0.301
2022,PLW,Palau,,0.825
2022,PSE,Palestine,,0.556
2022,PAN,Panama,,0.642
2022,PNG,Papua New Guinea,,0.085
2022,PRY,Paraguay,,0.656
2022,PER,Peru,,0.733
2022,PHL,Philippines,,0.725
2022,POL,Poland,,0.663
2022,PRT,Portugal,,0.785
2022,PRI,Puerto Rico,,0.682
2022,QAT,Qatar,,0.968
2022,ROU,Romania,,0.673
2022,RUS,Russian Federation,,0.733
2022,RWA,Rwanda,,0.057
2022,REU,Réunion,,0.591
2022,BLM,Saint Barthélemy,,0.269
2022,SHN,"Saint Helena, Ascension and Tristan da Cunha",,0.365
2022,KNA,Saint Kitts and Nevis,,0.848
2022,LCA,Saint Lucia,,0.597
2022,MAF,Saint Martin (French part),,0.463
2022,SPM,Saint Pierre and Miquelon,,0.76
2022,VCT,Saint Vincent and the Grenadines,,0.718
2022,WSM,Samoa,,0.498
2022,SMR,San Marino,,0.376
2022,STP,Sao Tome and Principe,,0.274
2022,SAU,Saudi Arabia,,0.793
2022,SEN,Senegal,,0.174
2022,SRB,Serbia,,0.698
2022,SYC,Seychelles,,0.624
2022,SLE,Sierra Leone,,0.09
2022,SGP,Singapore,,0.847
2022,SXM,Sint Maarten (Dutch part),,0.72
2022,SVK,Slovakia,,0.711
2022,SVN,Slovenia,,0.774
2022,SLB,Solomon Islands,,0.169
2022,SOM,Somalia,,0.109
2022,ZAF,South Africa,,0.429
2022,SSD,South Sudan,,0.043
2022,ESP,Spain,,0.856
2022,LKA,Sri Lanka,,0.329
2022,SDN,Sudan,,
2022,SUR,Suriname,,0.575
2022,SJM,Svalbard and Jan Mayen,,0.2
2022,SWE,Sweden,,0.822
2022,CHE,Switzerland,,0.831
2022,SYR,Syrian Arab Republic,,
2022,TWN,Taiwan,,0.845
2022,TJK,Tajikistan,,0.109
2022,TZA,Tanzania,,0.074
2022,THA,Thailand,,0.728
2022,TLS,Timor-Leste,,0.262
2022,TGO,Togo,,0.087
2022,TKL,Tokelau,,0.266
2022,TON,Tonga,,0.599
2022,XRT,Transnistria,,0.261
2022,TTO,Trinidad and Tobago,,0.655
2022,TUN,Tunisia,,0.584
2022,TKM,Turkmenistan,,0.028
2022,TCA,Turks and Caicos Islands,,0.677
2022,TUV,Tuvalu,,0.498
2022,TUR,Türkiye,,0.731
2022,UGA,Uganda,,0.043
2022,UKR,Ukraine,,0.74
2022,ARE,United Arab Emirates,,1.055
2022,GBR,United Kingdom of Great Britain and Northern Ireland,,0.844
2022,USA,United States of America,,0.725
2022,URY,Uruguay,,0.818
2022,UZB,Uzbekistan,,0.153
2022,VUT,Vanuatu,,0.279
2022,VEN,Venezuela,,0.511
2022,VNM,Viet Nam,,0.71
2022,VGB,British Virgin Islands,,0.718
2022,VIR,U.S. Virgin Islands,,0.305
2022,WLF,Wallis and Futuna,,0.425
2022,ESH,Western Sahara,,0.573
2022,YEM,Yemen,,0.09
2022,ZMB,Zambia,,0.133
2022,ZWE,Zimbabwe,,0.091
2022,ALA,Åland Islands,,0.746
2021,XRA,Abkhazia,,0.525
2021,AFG,Afghanistan,,0.103
2021,ALB,Albania,,0.652
2021,DZA,Algeria,,0.591
2021,ASM,American Samoa,,0.628
2021,AND,Andorra,,0.774
2021,AGO,Angola,,0.08
2021,AIA,Anguilla,,0.824
2021,ATG,Antigua and Barbuda,,0.733
2021,ARG,Argentina,,0.863
2021,ARM,Armenia,,0.69
2021,ABW,Aruba,,0.975
2021,AUS,Australia,,0.827
2021,AUT,Austria,,0.814
2021,AZE,Azerbaijan,,0.507
2021,BHS,Bahamas,,0.697
2021,BHR,Bahrain,,0.878
2021,BGD,Bangladesh,,0.297
2021,BRB,Barbados,,0.846
2021,BLR,Belarus,,0.461
2021,BEL,Belgium,,0.817
2021,BLZ,Belize,,0.696
2021,BEN,Benin,,0.132
2021,BMU,Bermuda,,0.809
2021,BTN,Bhutan,,0.706
2021,BOL,Bolivia,,0.709
2021,BES,"Bonaire, Sint Eustatius, and Saba",,0.787
2021,BIH,Bosnia and Herzegovina,,0.63
2021,BWA,Botswana,,0.496
2021,BRA,Brazil,,0.799
2021,BRN,Brunei Darussalam,,1.165
2021,BGR,Bulgaria,,0.648
2021,BFA,Burkina Faso,,0.101
2021,BDI,Burundi,,0.061
2021,CPV,Cabo Verde,,0.54
2021,KHM,Cambodia,,0.739
2021,CMR,Cameroon,,0.165
2021,CAN,Canada,,0.871
2021,CYM,Cayman Islands,,1.008
2021,CAF,Central African Republic,,0.028
2021,TCD,Chad,,0.033
2021,CHL,Chile,,0.928
2021,CHN,China,,0.68
2021,CXR,Christmas Island,,0.814
2021,CCK,Cocos (Keeling) Islands,,0.368
2021,COL,Colombia,,0.813
2021,COM,Comoros,,0.243
2021,COD,Democratic Republic of the Congo,,0.05
2021,COG,Congo,,0.156
2021,COK,Cook Islands,,0.706
2021,CRI,Costa Rica,,0.804
2021,HRV,Croatia,,0.712
2021,CUB,Cuba,,0.596
2021,CUW,Curaçao,,0.734
2021,CYP,Cyprus,,1.003
2021,CZE,Czechia,,0.75
2021,CIV,Côte d'Ivoire,,0.234
2021,DNK,Denmark,,0.853
2021,DJI,Djibouti,,0.166
2021,DMA,Dominica,,0.63
2021,DOM,Dominican Republic,,0.691
2021,ECU,Ecuador,,0.811
2021,EGY,Egypt,,0.489
2021,SLV,El Salvador,,0.704
2021,GNQ,Equatorial Guinea,,0.086
2021,ERI,Eritrea,,0.003
2021,EST,Estonia,,0.793
2021,SWZ,Eswatini,,0.346
2021,ETH,Ethiopia,,0.053
2021,FLK,Falkland Islands,,0.935
2021,FRO,Faroe Islands,,0.907
2021,FJI,Fiji,,0.716
2021,FIN,Finland,,0.852
2021,FRA,France,,0.803
2021,GUF,French Guiana,,0.505
2021,PYF,French Polynesia,,0.755
2021,GAB,Gabon,,0.355
2021,GMB,Gambia,,0.183
2021,GEO,Georgia,,0.843
2021,DEU,Germany,,0.865
2021,GHA,Ghana,,0.274
2021,GIB,Gibraltar,,0.895
2021,GRC,Greece,,0.715
2021,GRL,Greenland,,0.788
2021,GRD,Grenada,,0.791
2021,GLP,Guadeloupe,,0.709
2021,GUM,Guam,,0.998
2021,GTM,Guatemala,,0.519
2021,GGY,Guernsey,,0.771
2021,GIN,Guinea,,0.176
2021,GNB,Guinea-Bissau,,0.142
2021,GUY,Guyana,,0.611
2021,HTI,Haiti,,0.211
2021,HND,Honduras,,0.503
2021,HKG,Hong Kong,,0.881
2021,HUN,Hungary,,0.756
2021,ISL,Iceland,,0.962
2021,IND,India,,0.334
2021,IDN,Indonesia,,0.689
2021,IRN,Iran,,0.558
2021,IRQ,Iraq,,0.68
2021,IRL,Ireland,,0.79
2021,IMN,Isle of Man,,0.799
2021,ISR,Israel,,0.797
2021,ITA,Italy,,0.716
2021,JAM,Jamaica,,0.587
2021,JPN,Japan,,0.811
2021,JEY,Jersey,,0.748
2021,JOR,Jordan,,0.666
2021,KAZ,Kazakhstan,,0.723
2021,KEN,Kenya,,0.211
2021,KIR,Kiribati,,0.441
2021,PRK,North Korea,,
2021,KOR,South Korea,,0.912
2021,XKX,Kosovo,,0.585
2021,KWT,Kuwait,,0.93
2021,KGZ,Kyrgyzstan,,0.539
2021,LAO,Lao People's Democratic Republic,,0.511
2021,LVA,Latvia,,0.78
2021,LBN,Lebanon,,0.752
2021,LSO,Lesotho,,0.245
2021,LBR,Liberia,,0.143
2021,LBY,Libya,,0.914
2021,LIE,Liechtenstein,,0.478
2021,LTU,Lithuania,,0.777
2021,LUX,Luxembourg,,0.729
2021,MAC,Macao,,0.663
2021,MDG,Madagascar,,0.109
2021,MWI,Malawi,,0.041
2021,MYS,Malaysia,,0.917
2021,MDV,Maldives,,0.751
2021,MLI,Mali,,0.102
2021,MLT,Malta,,1.008
2021,MHL,Marshall Islands,,0.405
2021,MTQ,Martinique,,0.663
2021,MRT,Mauritania,,0.207
2021,MUS,Mauritius,,0.786
2021,MYT,Mayotte,,0.386
2021,MEX,Mexico,,0.783
2021,FSM,Micronesia,,0.40
2021,MDA,Moldova,,0.465
2021,MCO,Monaco,,0.417
2021,MNG,Mongolia,,0.85
2021,MNE,Montenegro,,0.821
2021,MSR,Montserrat,,0.633
2021,MAR,Morocco,,0.634
2021,MOZ,Mozambique,,0.093
2021,MMR,Myanmar,,0.377
2021,NAM,Namibia,,0.328
2021,NRU,Nauru,,0.841
2021,NPL,Nepal,,0.457
2021,NLD,Netherlands,,0.907
2021,NCL,New Caledonia,,0.721
2021,NZL,New Zealand,,0.892
2021,NIC,Nicaragua,,0.564
2021,NER,Niger,,0.025
2021,NGA,Nigeria,,0.154
2021,NIU,Niue,,0.805
2021,NFK,Norfolk Island,,0.629
2021,MKD,North Macedonia,,0.648
2021,MNP,Northern Mariana Islands,,0.744
2021,NOR,Norway,,0.865
2021,OMN,Oman,,0.832
2021,PAK,Pakistan,,0.315
2021,PLW,Palau,,0.986
2021,PSE,Palestine,,0.643
2021,PAN,Panama,,0.782
2021,PNG,Papua New Guinea,,0.112
2021,PRY,Paraguay,,0.626
2021,PER,Peru,,0.838
2021,PHL,Philippines,,0.824
2021,POL,Poland,,0.72
2021,PRT,Portugal,,0.837
2021,PRI,Puerto Rico,,0.819
2021,QAT,Qatar,,0.998
2021,ROU,Romania,,0.697
2021,RUS,Russian Federation,,0.727
2021,RWA,Rwanda,,0.069
2021,REU,Réunion,,0.687
2021,BLM,Saint Barthélemy,,0.534
2021,SHN,"Saint Helena, Ascension and Tristan da Cunha",,0.361
2021,KNA,Saint Kitts and Nevis,,0.841
2021,LCA,Saint Lucia,,0.664
2021,MAF,Saint Martin (French part),,0.434
2021,SPM,Saint Pierre and Miquelon,,0.807
2021,VCT,Saint Vincent and the Grenadines,,0.789
2021,WSM,Samoa,,0.657
2021,SMR,San Marino,,0.464
2021,STP,Sao Tome and Principe,,0.308
2021,SAU,Saudi Arabia,,0.823
2021,SEN,Senegal,,0.221
2021,SRB,Serbia,,0.575
2021,SYC,Seychelles,,0.74
2021,SLE,Sierra Leone,,0.113
2021,SGP,Singapore,,0.895
2021,SXM,Sint Maarten (Dutch part),,0.832
2021,SVK,Slovakia,,0.744
2021,SVN,Slovenia,,0.775
2021,SLB,Solomon Islands,,0.20
2021,SOM,Somalia,,0.139
2021,ZAF,South Africa,,0.464
2021,SSD,South Sudan,,0.045
2021,ESP,Spain,,0.871
2021,LKA,Sri Lanka,,0.381
2021,SDN,Sudan,,
2021,SUR,Suriname,,0.691
2021,SJM,Svalbard and Jan Mayen,,0.353
2021,SWE,Sweden,,0.908
2021,CHE,Switzerland,,0.862
2021,SYR,Syrian Arab Republic,,
2021,TWN,Taiwan,,0.894
2021,TJK,Tajikistan,,0.145
2021,TZA,Tanzania,,0.098
2021,THA,Thailand,,0.812
2021,TLS,Timor-Leste,,0.317
2021,TGO,Togo,,0.112
2021,TKL,Tokelau,,0.473
2021,TON,Tonga,,0.71
2021,XRT,Transnistria,,0.316
2021,TTO,Trinidad and Tobago,,0.784
2021,TUN,Tunisia,,0.68
2021,TKM,Turkmenistan,,0.055
2021,TCA,Turks and Caicos Islands,,0.904
2021,TUV,Tuvalu,,0.517
2021,TUR,Türkiye,,0.808
2021,UGA,Uganda,,0.059
2021,UKR,Ukraine,,0.646
2021,ARE,United Arab Emirates,,1.061
2021,GBR,United Kingdom of Great Britain and Northern Ireland,,0.843
2021,USA,United States of America,,0.809
2021,URY,Uruguay,,0.902
2021,UZB,Uzbekistan,,0.183
2021,VUT,Vanuatu,,0.353
2021,VEN,Venezuela,,0.533
2021,VNM,Viet Nam,,0.781
2021,VGB,British Virgin Islands,,0.852
2021,VIR,U.S. Virgin Islands,,0.314
2021,WLF,Wallis and Futuna,,0.521
2021,ESH,Western Sahara,,0.627
2021,YEM,Yemen,,0.114
2021,ZMB,Zambia,,0.151
2021,ZWE,Zimbabwe,,0.102
2021,ALA,Åland Islands,,0.823
2020,XRA,Abkhazia,,0.49
2020,AFG,Afghanistan,,0.112
2020,ALB,Albania,,0.556
2020,DZA,Algeria,,0.565
2020,ASM,American Samoa,,0.617
2020,AND,Andorra,,0.696
2020,AGO,Angola,,0.09
2020,AIA,Anguilla,,0.797
2020,ATG,Antigua and Barbuda,,0.681
2020,ARG,Argentina,,0.793
2020,ARM,Armenia,,0.607
2020,ABW,Aruba,,0.935
2020,AUS,Australia,,0.799
2020,AUT,Austria,,0.799
2020,AZE,Azerbaijan,,0.422
2020,BHS,Bahamas,,0.658
2020,BHR,Bahrain,,0.87
2020,BGD,Bangladesh,,0.272
2020,BRB,Barbados,,0.696
2020,BLR,Belarus,,0.413
2020,BEL,Belgium,,0.76
2020,BLZ,Belize,,0.648
2020,BEN,Benin,,0.13
2020,BMU,Bermuda,,0.74
2020,BTN,Bhutan,,0.722
2020,BOL,Bolivia,,0.698
2020,BES,"Bonaire, Sint Eustatius, and Saba",,0.76
2020,BIH,Bosnia and Herzegovina,,0.55
2020,BWA,Botswana,,0.505
2020,BRA,Brazil,,0.703
2020,BRN,Brunei Darussalam,,0.99
2020,BGR,Bulgaria,,0.621
2020,BFA,Burkina Faso,,0.094
2020,BDI,Burundi,,0.057
2020,CPV,Cabo Verde,,0.537
2020,KHM,Cambodia,,0.713
2020,CMR,Cameroon,,0.16
2020,CAN,Canada,,0.849
2020,CYM,Cayman Islands,,0.908
2020,CAF,Central African Republic,,0.029
2020,TCD,Chad,,0.028
2020,CHL,Chile,,0.835
2020,CHN,China,,0.646
2020,CXR,Christmas Island,,0.651
2020,CCK,Cocos (Keeling) Islands,,0.735
2020,COL,Colombia,,0.764
2020,COM,Comoros,,0.228
2020,COD,Democratic Republic of the Congo,,0.044
2020,COG,Congo,,0.152
2020,COK,Cook Islands,,0.683
2020,CRI,Costa Rica,,0.762
2020,HRV,Croatia,,0.684
2020,CUB,Cuba,,0.555
2020,CUW,Curaçao,,0.791
2020,CYP,Cyprus,,0.825
2020,CZE,Czechia,,0.69
2020,CIV,Côte d'Ivoire,,0.221
2020,DNK,Denmark,,0.836
2020,DJI,Djibouti,,0.261
2020,DMA,Dominica,,0.583
2020,DOM,Dominican Republic,,0.642
2020,ECU,Ecuador,,0.788
2020,EGY,Egypt,,0.474
2020,SLV,El Salvador,,0.661
2020,GNQ,Equatorial Guinea,,0.091
2020,ERI,Eritrea,,0.002
2020,EST,Estonia,,0.744
2020,SWZ,Eswatini,,0.30
2020,ETH,Ethiopia,,0.058
2020,FLK,Falkland Islands,,0.941
2020,FRO,Faroe Islands,,0.817
2020,FJI,Fiji,,0.678
2020,FIN,Finland,,0.804
2020,FRA,France,,0.759
2020,GUF,French Guiana,,0.43
2020,PYF,French Polynesia,,0.745
2020,GAB,Gabon,,0.377
2020,GMB,Gambia,,0.175
2020,GEO,Georgia,,0.778
2020,DEU,Germany,,0.787
2020,GHA,Ghana,,0.261
2020,GIB,Gibraltar,,0.801
2020,GRC,Greece,,0.712
2020,GRL,Greenland,,0.792
2020,GRD,Grenada,,0.665
2020,GLP,Guadeloupe,,0.625
2020,GUM,Guam,,0.885
2020,GTM,Guatemala,,0.514
2020,GGY,Guernsey,,0.698
2020,GIN,Guinea,,0.15
2020,GNB,Guinea-Bissau,,0.141
2020,GUY,Guyana,,0.634
2020,HTI,Haiti,,0.20
2020,HND,Honduras,,0.481
2020,HKG,Hong Kong,,0.856
2020,HUN,Hungary,,0.735
2020,ISL,Iceland,,0.847
2020,IND,India,,0.323
2020,IDN,Indonesia,,0.618
2020,IRN,Iran,,0.426
2020,IRQ,Iraq,,0.614
2020,IRL,Ireland,,0.764
2020,IMN,Isle of Man,,0.704
2020,ISR,Israel,,0.781
2020,ITA,Italy,,0.679
2020,JAM,Jamaica,,0.506
2020,JPN,Japan,,0.743
2020,JEY,Jersey,,0.696
2020,JOR,Jordan,,0.615
2020,KAZ,Kazakhstan,,0.635
2020,KEN,Kenya,,0.202
2020,KIR,Kiribati,,0.44
2020,PRK,North Korea,,
2020,KOR,South Korea,,0.893
2020,XKX,Kosovo,,0.569
2020,KWT,Kuwait,,0.988
2020,KGZ,Kyrgyzstan,,0.487
2020,LAO,Lao People's Democratic Republic,,0.491
2020,LVA,Latvia,,0.735
2020,LBN,Lebanon,,0.643
2020,LSO,Lesotho,,0.246
2020,LBR,Liberia,,0.131
2020,LBY,Libya,,0.868
2020,LIE,Liechtenstein,,0.393
2020,LTU,Lithuania,,0.754
2020,LUX,Luxembourg,,0.65
2020,MAC,Macao,,0.642
2020,MDG,Madagascar,,0.107
2020,MWI,Malawi,,0.035
2020,MYS,Malaysia,,0.86
2020,MDV,Maldives,,0.701
2020,MLI,Mali,,0.102
2020,MLT,Malta,,0.95
2020,MHL,Marshall Islands,,0.387
2020,MTQ,Martinique,,0.64
2020,MRT,Mauritania,,0.199
2020,MUS,Mauritius,,0.731
2020,MYT,Mayotte,,0.351
2020,MEX,Mexico,,0.772
2020,FSM,Micronesia,,0.381
2020,MDA,Moldova,,0.422
2020,MCO,Monaco,,0.33
2020,MNG,Mongolia,,0.787
2020,MNE,Montenegro,,0.685
2020,MSR,Montserrat,,0.601
2020,MAR,Morocco,,0.593
2020,MOZ,Mozambique,,0.095
2020,MMR,Myanmar,,0.531
2020,NAM,Namibia,,0.312
2020,NRU,Nauru,,0.848
2020,NPL,Nepal,,0.442
2020,NLD,Netherlands,,0.88
2020,NCL,New Caledonia,,0.697
2020,NZL,New Zealand,,0.82
2020,NIC,Nicaragua,,0.525
2020,NER,Niger,,0.024
2020,NGA,Nigeria,,0.158
2020,NIU,Niue,,0.619
2020,NFK,Norfolk Island,,0.458
2020,MKD,North Macedonia,,0.576
2020,MNP,Northern Mariana Islands,,0.658
2020,NOR,Norway,,0.832
2020,OMN,Oman,,0.802
2020,PAK,Pakistan,,0.206
2020,PLW,Palau,,0.987
2020,PSE,Palestine,,0.601
2020,PAN,Panama,,0.644
2020,PNG,Papua New Guinea,,0.103
2020,PRY,Paraguay,,0.599
2020,PER,Peru,,0.814
2020,PHL,Philippines,,0.807
2020,POL,Poland,,0.685
2020,PRT,Portugal,,0.766
2020,PRI,Puerto Rico,,0.816
2020,QAT,Qatar,,0.988
2020,ROU,Romania,,0.626
2020,RUS,Russian Federation,,0.678
2020,RWA,Rwanda,,0.065
2020,REU,Réunion,,0.679
2020,BLM,Saint Barthélemy,,0.566
2020,SHN,"Saint Helena, Ascension and Tristan da Cunha",,0.378
2020,KNA,Saint Kitts and Nevis,,0.75
2020,LCA,Saint Lucia,,0.598
2020,MAF,Saint Martin (French part),,0.462
2020,SPM,Saint Pierre and Miquelon,,0.847
2020,VCT,Saint Vincent and the Grenadines,,0.702
2020,WSM,Samoa,,0.703
2020,SMR,San Marino,,0.442
2020,STP,Sao Tome and Principe,,0.307
2020,SAU,Saudi Arabia,,0.793
2020,SEN,Senegal,,0.23
2020,SRB,Serbia,,0.528
2020,SYC,Seychelles,,0.76
2020,SLE,Sierra Leone,,0.105
2020,SGP,Singapore,,0.844
2020,SXM,Sint Maarten (Dutch part),,0.904
2020,SVK,Slovakia,,0.738
2020,SVN,Slovenia,,0.698
2020,SLB,Solomon Islands,,0.187
2020,SOM,Somalia,,0.13
2020,ZAF,South Africa,,0.419
2020,SSD,South Sudan,,0.04
2020,ESP,Spain,,0.80
2020,LKA,Sri Lanka,,0.368
2020,SDN,Sudan,,
2020,SUR,Suriname,,0.662
2020,SJM,Svalbard and Jan Mayen,,0.204
2020,SWE,Sweden,,0.821
2020,CHE,Switzerland,,0.818
2020,SYR,Syrian Arab Republic,,
2020,TWN,Taiwan,,0.826
2020,TJK,Tajikistan,,0.104
2020,TZA,Tanzania,,0.089
2020,THA,Thailand,,0.787
2020,TLS,Timor-Leste,,0.331
2020,TGO,Togo,,0.106
2020,TKL,Tokelau,,0.368
2020,TON,Tonga,,0.725
2020,XRT,Transnistria,,0.256
2020,TTO,Trinidad and Tobago,,0.671
2020,TUN,Tunisia,,0.69
2020,TKM,Turkmenistan,,0.025
2020,TCA,Turks and Caicos Islands,,0.872
2020,TUV,Tuvalu,,0.54
2020,TUR,Türkiye,,0.708
2020,UGA,Uganda,,0.073
2020,UKR,Ukraine,,0.589
2020,ARE,United Arab Emirates,,0.99
2020,GBR,United Kingdom of Great Britain and Northern Ireland,,0.779
2020,USA,United States of America,,0.723
2020,URY,Uruguay,,0.833
2020,UZB,Uzbekistan,,0.136
2020,VUT,Vanuatu,,0.354
2020,VEN,Venezuela,,0.49
2020,VNM,Viet Nam,,0.737
2020,VGB,British Virgin Islands,,0.824
2020,VIR,U.S. Virgin Islands,,0.316
2020,WLF,Wallis and Futuna,,0.537
2020,ESH,Western Sahara,,0.629
2020,YEM,Yemen,,0.106
2020,ZMB,Zambia,,0.139
2020,ZWE,Zimbabwe,,0.087
2020,ALA,Åland Islands,,0.736
2019,XRT,Abkhazia,,
2019,AFG,Afghanistan,,
2019,ALB,Albania,,
2019,DZA,Algeria,,
2019,ASM,American Samoa,,
2019,AND,Andorra,,
2019,AGO,Angola,,
2019,AIA,Anguilla,,
2019,ATG,Antigua and Barbuda,,
2019,ARG,Argentina,,
2019,ARM,Armenia,,
2019,ABW,Aruba,,
2019,AUS,Australia,,
2019,AUT,Austria,,
2019,AZE,Azerbaijan,,
2019,BHS,Bahamas,,
2019,BHR,Bahrain,,
2019,BGD,Bangladesh,,
2019,BRB,Barbados,,
2019,BLR,Belarus,,
2019,BEL,Belgium,,
2019,BLZ,Belize,,
2019,BEN,Benin,,
2019,BMU,Bermuda,,
2019,BTN,Bhutan,,
2019,BOL,Bolivia,,
2019,BES,"Bonaire, Sint Eustatius, and Saba",,
2019,BIH,Bosnia and Herzegovina,,
2019,BWA,Botswana,,
2019,BRA,Brazil,,
2019,BRN,Brunei Darussalam,,
2019,BGR,Bulgaria,,
2019,BFA,Burkina Faso,,
2019,BDI,Burundi,,
2019,CPV,Cabo Verde,,
2019,KHM,Cambodia,,
2019,CMR,Cameroon,,
2019,CAN,Canada,,
2019,CYM,Cayman Islands,,
2019,CAF,Central African Republic,,
2019,TCD,Chad,,
2019,CHL,Chile,,
2019,CHN,China,,
2019,CXR,Christmas Island,,
2019,CCK,Cocos (Keeling) Islands,,
2019,COL,Colombia,,
2019,COM,Comoros,,
2019,COD,Democratic Republic of the Congo,,
2019,COG,Congo,,
2019,COK,Cook Islands,,
2019,CRI,Costa Rica,,
2019,HRV,Croatia,,
2019,CUB,Cuba,,
2019,CUW,Curaçao,,
2019,CYP,Cyprus,,
2019,CZE,Czechia,,
2019,CIV,Côte d'Ivoire,,
2019,DNK,Denmark,,
2019,DJI,Djibouti,,
2019,DMA,Dominica,,
2019,DOM,Dominican Republic,,
2019,ECU,Ecuador,,
2019,EGY,Egypt,,
2019,SLV,El Salvador,,
2019,GNQ,Equatorial Guinea,,
2019,ERI,Eritrea,,
2019,EST,Estonia,,
2019,SWZ,Eswatini,,
2019,ETH,Ethiopia,,
2019,FLK,Falkland Islands,,
2019,FRO,Faroe Islands,,
2019,FJI,Fiji,,
2019,FIN,Finland,,
2019,FRA,France,,
2019,GUF,French Guiana,,
2019,PYF,French Polynesia,,
2019,GAB,Gabon,,
2019,GMB,Gambia,,
2019,GEO,Georgia,,
2019,DEU,Germany,,
2019,GHA,Ghana,,
2019,GIB,Gibraltar,,
2019,GRC,Greece,,
2019,GRL,Greenland,,
2019,GRD,Grenada,,
2019,GLP,Guadeloupe,,
2019,GUM,Guam,,
2019,GTM,Guatemala,,
2019,GGY,Guernsey,,
2019,GIN,Guinea,,
2019,GNB,Guinea-Bissau,,
2019,GUY,Guyana,,
2019,HTI,Haiti,,
2019,HND,Honduras,,
2019,HKG,Hong Kong,,
2019,HUN,Hungary,,
2019,ISL,Iceland,,
2019,IND,India,,
2019,IDN,Indonesia,,
2019,IRN,Iran,,
2019,IRQ,Iraq,,
2019,IRL,Ireland,,
2019,IMN,Isle of Man,,
2019,ISR,Israel,,
2019,ITA,Italy,,
2019,JAM,Jamaica,,
2019,JPN,Japan,,
2019,JEY,Jersey,,
2019,JOR,Jordan,,
2019,KAZ,Kazakhstan,,
2019,KEN,Kenya,,
2019,KIR,Kiribati,,
2019,PRK,North Kor
2019,KOR,South Korea,,
2019,XKX,Kosovo,,
2019,KWT,Kuwait,,
2019,KGZ,Kyrgyzstan,,
2019,LAO,Lao People's Democratic Republic,,
2019,LVA,Latvia,,
2019,LBN,Lebanon,,
2019,LSO,Lesotho,,
2019,LBR,Liberia,,
2019,LBY,Libya,,
2019,LIE,Liechtenstein,,
2019,LTU,Lithuania,,
2019,LUX,Luxembourg,,
2019,MAC,Macao,,
2019,MDG,Madagascar,,
2019,MWI,Malawi,,
2019,MYS,Malaysia,,
2019,MDV,Maldives,,
2019,MLI,Mali,,
2019,MLT,Malta,,
2019,MHL,Marshall Islands,,
2019,MTQ,Martinique,,
2019,MRT,Mauritania,,
2019,MUS,Mauritius,,
2019,MYT,Mayotte,,
2019,MEX,Mexico,,
2019,FSM,Micronesia,,
2019,MDA,Moldova,,
2019,MCO,Monaco,,
2019,MNG,Mongolia,,
2019,MNE,Montenegro,,
2019,MSR,Montserrat,,
2019,MAR,Morocco,,
2019,MOZ,Mozambique,,
2019,MMR,Myanmar,,
2019,NAM,Namibia,,
2019,NRU,Nauru,,
2019,NPL,Nepal,,
2019,NLD,Netherlands,,
2019,NCL,New Caledonia,,
2019,NZL,New Zealand,,
2019,NIC,Nicaragua,,
2019,NER,Niger,,
2019,NGA,Nigeria,,
2019,NIU,Niue,,
2019,NFK,Norfolk Island,,
2019,MKD,North Macedonia,,
2019,MNP,Northern Mariana Islands,,
2019,NOR,Norway,,
2019,OMN,Oman,,
2019,PAK,Pakistan,,
2019,PLW,Palau,,
2019,PSE,Palestine,,
2019,PAN,Panama,,
2019,PNG,Papua New Guinea,,
2019,PRY,Paraguay,,
2019,PER,Peru,,
2019,PHL,Philippines,,
2019,POL,Poland,,
2019,PRT,Portugal,,
2019,PRI,Puerto Rico,,
2019,QAT,Qatar,,
2019,ROU,Romania,,
2019,RUS,Russian Federation,,
2019,RWA,Rwanda,,
2019,REU,Réunion,,
2019,BLM,Saint Barthélemy,,
2019,SHN,"Saint Helena, Ascension and Tristan da Cunha",,
2019,KNA,Saint Kitts and Nevis,,
2019,LCA,Saint Lucia,,
2019,MAF,Saint Martin (French part),,
2019,SPM,Saint Pierre and Miquelon,,
2019,VCT,Saint Vincent and the Grenadines,,
2019,WSM,Samoa,,
2019,SMR,San Marino,,
2019,STP,Sao Tome and Principe,,
2019,SAU,Saudi Arabia,,
2019,SEN,Senegal,,
2019,SRB,Serbia,,
2019,SYC,Seychelles,,
2019,SLE,Sierra Leone,,
2019,SGP,Singapore,,
2019,SXM,Sint Maarten (Dutch part),,
2019,SVK,Slovakia,,
2019,SVN,Slovenia,,
2019,SLB,Solomon Islands,,
2019,SOM,Somalia,,
2019,ZAF,South Africa,,
2019,SSD,South Sudan,,
2019,ESP,Spain,,
2019,LKA,Sri Lanka,,
2019,SDN,Sud
2019,SUR,Suriname,,
2019,SJM,Svalbard and Jan Mayen,,
2019,SWE,Sweden,,
2019,CHE,Switzerland,,
2019,SYR,Syrian Arab Republ
2019,TWN,Taiwan,,
2019,TJK,Tajikistan,,
2019,TZA,Tanzania,,
2019,THA,Thailand,,
2019,TLS,Timor-Leste,,
2019,TGO,Togo,,
2019,TKL,Tokelau,,
2019,TON,Tonga,,
2019,XRT,Transnistria,,
2019,TTO,Trinidad and Tobago,,
2019,TUN,Tunisia,,
2019,TKM,Turkmenistan,,
2019,TCA,Turks and Caicos Islands,,
2019,TUV,Tuvalu,,
2019,TUR,Türkiye,,
2019,UGA,Uganda,,
2019,UKR,Ukraine,,
2019,ARE,United Arab Emirates,,
2019,GBR,United Kingdom of Great Britain and Northern Ireland,,
2019,USA,United States of America,,
2019,URY,Uruguay,,
2019,UZB,Uzbekistan,,
2019,VUT,Vanuatu,,
2019,VEN,Venezuela,,
2019,VNM,Viet Nam,,
2019,VGB,British Virgin Islands,,
2019,VIR,U.S. Virgin Islands,,
2019,WLF,Wallis and Futuna,,
2019,ESH,Western Sahara,,
2019,YEM,Yemen,,
2019,ZMB,Zambia,,
2019,ZWE,Zimbabwe,,
2019,ALA,Åland Islands,,
