Region (NUTS2);Criminal typology;Age group;Sex;period;Total
TOTAL;3.4.-Pornography of minors;14-17 years;Male;2024;97
TOTAL;3.4.-Pornography of minors;14-17 years;Male;2023;85
TOTAL;3.4.-Pornography of minors;14-17 years;Male;2022;50
TOTAL;3.4.-Pornography of minors;14-17 years;Male;2021;39
TOTAL;3.4.-Pornography of minors;14-17 years;Male;2020;43
TOTAL;3.4.-Pornography of minors;14-17 years;Male;2019;124
TOTAL;3.4.-Pornography of minors;14-17 years;Male;2018;111
TOTAL;3.4.-Pornography of minors;14-17 years;Male;2017;33
TOTAL;3.4.-Pornography of minors;14-17 years;Male;2016;24
TOTAL;3.4.-Pornography of minors;14-17 years;Male;2015;47
TOTAL;3.4.-Pornography of minors;14-17 years;Male;2014;73
TOTAL;3.4.-Pornography of minors;14-17 years;Male;2013;60
TOTAL;3.4.-Pornography of minors;14-17 years;Male;2012;9
TOTAL;3.4.-Pornography of minors;14-17 years;Male;2011;9
TOTAL;3.4.-Pornography of minors;14-17 years;Male;2010;16
TOTAL;3.4.-Pornography of minors;14-17 years;Female;2024;8
TOTAL;3.4.-Pornography of minors;14-17 years;Female;2023;6
TOTAL;3.4.-Pornography of minors;14-17 years;Female;2022;0
TOTAL;3.4.-Pornography of minors;14-17 years;Female;2021;0
TOTAL;3.4.-Pornography of minors;14-17 years;Female;2020;2
TOTAL;3.4.-Pornography of minors;14-17 years;Female;2019;7
TOTAL;3.4.-Pornography of minors;14-17 years;Female;2018;7
TOTAL;3.4.-Pornography of minors;14-17 years;Female;2017;2
TOTAL;3.4.-Pornography of minors;14-17 years;Female;2016;0
TOTAL;3.4.-Pornography of minors;14-17 years;Female;2015;4
TOTAL;3.4.-Pornography of minors;14-17 years;Female;2014;14
TOTAL;3.4.-Pornography of minors;14-17 years;Female;2013;19
TOTAL;3.4.-Pornography of minors;14-17 years;Female;2012;1
TOTAL;3.4.-Pornography of minors;14-17 years;Female;2011;2
TOTAL;3.4.-Pornography of minors;14-17 years;Female;2010;1
TOTAL;3.4.-Pornography of minors;14-17 years;Total;2024;105
TOTAL;3.4.-Pornography of minors;14-17 years;Total;2023;91
TOTAL;3.4.-Pornography of minors;14-17 years;Total;2022;50
TOTAL;3.4.-Pornography of minors;14-17 years;Total;2021;39
TOTAL;3.4.-Pornography of minors;14-17 years;Total;2020;45
TOTAL;3.4.-Pornography of minors;14-17 years;Total;2019;131
TOTAL;3.4.-Pornography of minors;14-17 years;Total;2018;118
TOTAL;3.4.-Pornography of minors;14-17 years;Total;2017;35
TOTAL;3.4.-Pornography of minors;14-17 years;Total;2016;24
TOTAL;3.4.-Pornography of minors;14-17 years;Total;2015;51
TOTAL;3.4.-Pornography of minors;14-17 years;Total;2014;87
TOTAL;3.4.-Pornography of minors;14-17 years;Total;2013;79
TOTAL;3.4.-Pornography of minors;14-17 years;Total;2012;10
TOTAL;3.4.-Pornography of minors;14-17 years;Total;2011;11
TOTAL;3.4.-Pornography of minors;14-17 years;Total;2010;17
TOTAL;3.4.-Pornography of minors;18-30 years;Male;2024;145
TOTAL;3.4.-Pornography of minors;18-30 years;Male;2023;173
TOTAL;3.4.-Pornography of minors;18-30 years;Male;2022;117
TOTAL;3.4.-Pornography of minors;18-30 years;Male;2021;120
TOTAL;3.4.-Pornography of minors;18-30 years;Male;2020;99
TOTAL;3.4.-Pornography of minors;18-30 years;Male;2019;149
TOTAL;3.4.-Pornography of minors;18-30 years;Male;2018;138
TOTAL;3.4.-Pornography of minors;18-30 years;Male;2017;92
TOTAL;3.4.-Pornography of minors;18-30 years;Male;2016;90
TOTAL;3.4.-Pornography of minors;18-30 years;Male;2015;120
TOTAL;3.4.-Pornography of minors;18-30 years;Male;2014;72
TOTAL;3.4.-Pornography of minors;18-30 years;Male;2013;66
TOTAL;3.4.-Pornography of minors;18-30 years;Male;2012;64
TOTAL;3.4.-Pornography of minors;18-30 years;Male;2011;113
TOTAL;3.4.-Pornography of minors;18-30 years;Male;2010;117
TOTAL;3.4.-Pornography of minors;18-30 years;Female;2024;6
TOTAL;3.4.-Pornography of minors;18-30 years;Female;2023;6
TOTAL;3.4.-Pornography of minors;18-30 years;Female;2022;1
TOTAL;3.4.-Pornography of minors;18-30 years;Female;2021;6
TOTAL;3.4.-Pornography of minors;18-30 years;Female;2020;3
TOTAL;3.4.-Pornography of minors;18-30 years;Female;2019;5
TOTAL;3.4.-Pornography of minors;18-30 years;Female;2018;2
TOTAL;3.4.-Pornography of minors;18-30 years;Female;2017;9
TOTAL;3.4.-Pornography of minors;18-30 years;Female;2016;2
TOTAL;3.4.-Pornography of minors;18-30 years;Female;2015;2
TOTAL;3.4.-Pornography of minors;18-30 years;Female;2014;3
TOTAL;3.4.-Pornography of minors;18-30 years;Female;2013;8
TOTAL;3.4.-Pornography of minors;18-30 years;Female;2012;3
TOTAL;3.4.-Pornography of minors;18-30 years;Female;2011;5
TOTAL;3.4.-Pornography of minors;18-30 years;Female;2010;2
TOTAL;3.4.-Pornography of minors;18-30 years;Total;2024;151
TOTAL;3.4.-Pornography of minors;18-30 years;Total;2023;179
TOTAL;3.4.-Pornography of minors;18-30 years;Total;2022;118
TOTAL;3.4.-Pornography of minors;18-30 years;Total;2021;126
TOTAL;3.4.-Pornography of minors;18-30 years;Total;2020;102
TOTAL;3.4.-Pornography of minors;18-30 years;Total;2019;154
TOTAL;3.4.-Pornography of minors;18-30 years;Total;2018;140
TOTAL;3.4.-Pornography of minors;18-30 years;Total;2017;101
TOTAL;3.4.-Pornography of minors;18-30 years;Total;2016;92
TOTAL;3.4.-Pornography of minors;18-30 years;Total;2015;122
TOTAL;3.4.-Pornography of minors;18-30 years;Total;2014;75
TOTAL;3.4.-Pornography of minors;18-30 years;Total;2013;74
TOTAL;3.4.-Pornography of minors;18-30 years;Total;2012;67
TOTAL;3.4.-Pornography of minors;18-30 years;Total;2011;118
TOTAL;3.4.-Pornography of minors;18-30 years;Total;2010;119
TOTAL;3.4.-Pornography of minors;31-40 years;Male;2024;94
TOTAL;3.4.-Pornography of minors;31-40 years;Male;2023;99
TOTAL;3.4.-Pornography of minors;31-40 years;Male;2022;59
TOTAL;3.4.-Pornography of minors;31-40 years;Male;2021;75
TOTAL;3.4.-Pornography of minors;31-40 years;Male;2020;68
TOTAL;3.4.-Pornography of minors;31-40 years;Male;2019;94
TOTAL;3.4.-Pornography of minors;31-40 years;Male;2018;113
TOTAL;3.4.-Pornography of minors;31-40 years;Male;2017;84
TOTAL;3.4.-Pornography of minors;31-40 years;Male;2016;102
TOTAL;3.4.-Pornography of minors;31-40 years;Male;2015;114
TOTAL;3.4.-Pornography of minors;31-40 years;Male;2014;77
TOTAL;3.4.-Pornography of minors;31-40 years;Male;2013;76
TOTAL;3.4.-Pornography of minors;31-40 years;Male;2012;145
TOTAL;3.4.-Pornography of minors;31-40 years;Male;2011;97
TOTAL;3.4.-Pornography of minors;31-40 years;Male;2010;144
TOTAL;3.4.-Pornography of minors;31-40 years;Female;2024;5
TOTAL;3.4.-Pornography of minors;31-40 years;Female;2023;5
TOTAL;3.4.-Pornography of minors;31-40 years;Female;2022;3
TOTAL;3.4.-Pornography of minors;31-40 years;Female;2021;3
TOTAL;3.4.-Pornography of minors;31-40 years;Female;2020;6
TOTAL;3.4.-Pornography of minors;31-40 years;Female;2019;4
TOTAL;3.4.-Pornography of minors;31-40 years;Female;2018;9
TOTAL;3.4.-Pornography of minors;31-40 years;Female;2017;9
TOTAL;3.4.-Pornography of minors;31-40 years;Female;2016;5
TOTAL;3.4.-Pornography of minors;31-40 years;Female;2015;3
TOTAL;3.4.-Pornography of minors;31-40 years;Female;2014;3
TOTAL;3.4.-Pornography of minors;31-40 years;Female;2013;4
TOTAL;3.4.-Pornography of minors;31-40 years;Female;2012;5
TOTAL;3.4.-Pornography of minors;31-40 years;Female;2011;3
TOTAL;3.4.-Pornography of minors;31-40 years;Female;2010;0
TOTAL;3.4.-Pornography of minors;31-40 years;Total;2024;99
TOTAL;3.4.-Pornography of minors;31-40 years;Total;2023;104
TOTAL;3.4.-Pornography of minors;31-40 years;Total;2022;62
TOTAL;3.4.-Pornography of minors;31-40 years;Total;2021;78
TOTAL;3.4.-Pornography of minors;31-40 years;Total;2020;74
TOTAL;3.4.-Pornography of minors;31-40 years;Total;2019;98
TOTAL;3.4.-Pornography of minors;31-40 years;Total;2018;122
TOTAL;3.4.-Pornography of minors;31-40 years;Total;2017;93
TOTAL;3.4.-Pornography of minors;31-40 years;Total;2016;107
TOTAL;3.4.-Pornography of minors;31-40 years;Total;2015;117
TOTAL;3.4.-Pornography of minors;31-40 years;Total;2014;80
TOTAL;3.4.-Pornography of minors;31-40 years;Total;2013;80
TOTAL;3.4.-Pornography of minors;31-40 years;Total;2012;150
TOTAL;3.4.-Pornography of minors;31-40 years;Total;2011;100
TOTAL;3.4.-Pornography of minors;31-40 years;Total;2010;144
TOTAL;3.4.-Pornography of minors;41-64 years;Male;2024;208
TOTAL;3.4.-Pornography of minors;41-64 years;Male;2023;228
TOTAL;3.4.-Pornography of minors;41-64 years;Male;2022;195
TOTAL;3.4.-Pornography of minors;41-64 years;Male;2021;192
TOTAL;3.4.-Pornography of minors;41-64 years;Male;2020;181
TOTAL;3.4.-Pornography of minors;41-64 years;Male;2019;172
TOTAL;3.4.-Pornography of minors;41-64 years;Male;2018;231
TOTAL;3.4.-Pornography of minors;41-64 years;Male;2017;172
TOTAL;3.4.-Pornography of minors;41-64 years;Male;2016;179
TOTAL;3.4.-Pornography of minors;41-64 years;Male;2015;146
TOTAL;3.4.-Pornography of minors;41-64 years;Male;2014;167
TOTAL;3.4.-Pornography of minors;41-64 years;Male;2013;127
TOTAL;3.4.-Pornography of minors;41-64 years;Male;2012;238
TOTAL;3.4.-Pornography of minors;41-64 years;Male;2011;182
TOTAL;3.4.-Pornography of minors;41-64 years;Male;2010;186
TOTAL;3.4.-Pornography of minors;41-64 years;Female;2024;12
TOTAL;3.4.-Pornography of minors;41-64 years;Female;2023;5
TOTAL;3.4.-Pornography of minors;41-64 years;Female;2022;9
TOTAL;3.4.-Pornography of minors;41-64 years;Female;2021;7
TOTAL;3.4.-Pornography of minors;41-64 years;Female;2020;15
TOTAL;3.4.-Pornography of minors;41-64 years;Female;2019;11
TOTAL;3.4.-Pornography of minors;41-64 years;Female;2018;10
TOTAL;3.4.-Pornography of minors;41-64 years;Female;2017;18
TOTAL;3.4.-Pornography of minors;41-64 years;Female;2016;9
TOTAL;3.4.-Pornography of minors;41-64 years;Female;2015;6
TOTAL;3.4.-Pornography of minors;41-64 years;Female;2014;4
TOTAL;3.4.-Pornography of minors;41-64 years;Female;2013;1
TOTAL;3.4.-Pornography of minors;41-64 years;Female;2012;8
TOTAL;3.4.-Pornography of minors;41-64 years;Female;2011;10
TOTAL;3.4.-Pornography of minors;41-64 years;Female;2010;3
TOTAL;3.4.-Pornography of minors;41-64 years;Total;2024;220
TOTAL;3.4.-Pornography of minors;41-64 years;Total;2023;233
TOTAL;3.4.-Pornography of minors;41-64 years;Total;2022;204
TOTAL;3.4.-Pornography of minors;41-64 years;Total;2021;199
TOTAL;3.4.-Pornography of minors;41-64 years;Total;2020;196
TOTAL;3.4.-Pornography of minors;41-64 years;Total;2019;183
TOTAL;3.4.-Pornography of minors;41-64 years;Total;2018;241
TOTAL;3.4.-Pornography of minors;41-64 years;Total;2017;190
TOTAL;3.4.-Pornography of minors;41-64 years;Total;2016;188
TOTAL;3.4.-Pornography of minors;41-64 years;Total;2015;152
TOTAL;3.4.-Pornography of minors;41-64 years;Total;2014;171
TOTAL;3.4.-Pornography of minors;41-64 years;Total;2013;128
TOTAL;3.4.-Pornography of minors;41-64 years;Total;2012;246
TOTAL;3.4.-Pornography of minors;41-64 years;Total;2011;192
TOTAL;3.4.-Pornography of minors;41-64 years;Total;2010;189
TOTAL;3.4.-Pornography of minors;Over 64 years;Male;2024;41
TOTAL;3.4.-Pornography of minors;Over 64 years;Male;2023;37
TOTAL;3.4.-Pornography of minors;Over 64 years;Male;2022;25
TOTAL;3.4.-Pornography of minors;Over 64 years;Male;2021;25
TOTAL;3.4.-Pornography of minors;Over 64 years;Male;2020;33
TOTAL;3.4.-Pornography of minors;Over 64 years;Male;2019;29
TOTAL;3.4.-Pornography of minors;Over 64 years;Male;2018;27
TOTAL;3.4.-Pornography of minors;Over 64 years;Male;2017;22
TOTAL;3.4.-Pornography of minors;Over 64 years;Male;2016;11
TOTAL;3.4.-Pornography of minors;Over 64 years;Male;2015;13
TOTAL;3.4.-Pornography of minors;Over 64 years;Male;2014;24
TOTAL;3.4.-Pornography of minors;Over 64 years;Male;2013;15
TOTAL;3.4.-Pornography of minors;Over 64 years;Male;2012;20
TOTAL;3.4.-Pornography of minors;Over 64 years;Male;2011;23
TOTAL;3.4.-Pornography of minors;Over 64 years;Male;2010;14
TOTAL;3.4.-Pornography of minors;Over 64 years;Female;2024;0
TOTAL;3.4.-Pornography of minors;Over 64 years;Female;2023;0
TOTAL;3.4.-Pornography of minors;Over 64 years;Female;2022;0
TOTAL;3.4.-Pornography of minors;Over 64 years;Female;2021;0
TOTAL;3.4.-Pornography of minors;Over 64 years;Female;2020;0
TOTAL;3.4.-Pornography of minors;Over 64 years;Female;2019;2
TOTAL;3.4.-Pornography of minors;Over 64 years;Female;2018;1
TOTAL;3.4.-Pornography of minors;Over 64 years;Female;2017;0
TOTAL;3.4.-Pornography of minors;Over 64 years;Female;2016;0
TOTAL;3.4.-Pornography of minors;Over 64 years;Female;2015;0
TOTAL;3.4.-Pornography of minors;Over 64 years;Female;2014;0
TOTAL;3.4.-Pornography of minors;Over 64 years;Female;2013;0
TOTAL;3.4.-Pornography of minors;Over 64 years;Female;2012;0
TOTAL;3.4.-Pornography of minors;Over 64 years;Female;2011;0
TOTAL;3.4.-Pornography of minors;Over 64 years;Female;2010;0
TOTAL;3.4.-Pornography of minors;Over 64 years;Total;2024;41
TOTAL;3.4.-Pornography of minors;Over 64 years;Total;2023;37
TOTAL;3.4.-Pornography of minors;Over 64 years;Total;2022;25
TOTAL;3.4.-Pornography of minors;Over 64 years;Total;2021;25
TOTAL;3.4.-Pornography of minors;Over 64 years;Total;2020;33
TOTAL;3.4.-Pornography of minors;Over 64 years;Total;2019;31
TOTAL;3.4.-Pornography of minors;Over 64 years;Total;2018;28
TOTAL;3.4.-Pornography of minors;Over 64 years;Total;2017;22
TOTAL;3.4.-Pornography of minors;Over 64 years;Total;2016;11
TOTAL;3.4.-Pornography of minors;Over 64 years;Total;2015;13
TOTAL;3.4.-Pornography of minors;Over 64 years;Total;2014;24
TOTAL;3.4.-Pornography of minors;Over 64 years;Total;2013;15
TOTAL;3.4.-Pornography of minors;Over 64 years;Total;2012;20
TOTAL;3.4.-Pornography of minors;Over 64 years;Total;2011;23
TOTAL;3.4.-Pornography of minors;Over 64 years;Total;2010;14
TOTAL;3.4.-Pornography of minors;TOTAL;Male;2024;585
TOTAL;3.4.-Pornography of minors;TOTAL;Male;2023;622
TOTAL;3.4.-Pornography of minors;TOTAL;Male;2022;446
TOTAL;3.4.-Pornography of minors;TOTAL;Male;2021;451
TOTAL;3.4.-Pornography of minors;TOTAL;Male;2020;424
TOTAL;3.4.-Pornography of minors;TOTAL;Male;2019;568
TOTAL;3.4.-Pornography of minors;TOTAL;Male;2018;620
TOTAL;3.4.-Pornography of minors;TOTAL;Male;2017;403
TOTAL;3.4.-Pornography of minors;TOTAL;Male;2016;406
TOTAL;3.4.-Pornography of minors;TOTAL;Male;2015;440
TOTAL;3.4.-Pornography of minors;TOTAL;Male;2014;413
TOTAL;3.4.-Pornography of minors;TOTAL;Male;2013;344
TOTAL;3.4.-Pornography of minors;TOTAL;Male;2012;476
TOTAL;3.4.-Pornography of minors;TOTAL;Male;2011;424
TOTAL;3.4.-Pornography of minors;TOTAL;Male;2010;477
TOTAL;3.4.-Pornography of minors;TOTAL;Female;2024;31
TOTAL;3.4.-Pornography of minors;TOTAL;Female;2023;22
TOTAL;3.4.-Pornography of minors;TOTAL;Female;2022;13
TOTAL;3.4.-Pornography of minors;TOTAL;Female;2021;16
TOTAL;3.4.-Pornography of minors;TOTAL;Female;2020;26
TOTAL;3.4.-Pornography of minors;TOTAL;Female;2019;29
TOTAL;3.4.-Pornography of minors;TOTAL;Female;2018;29
TOTAL;3.4.-Pornography of minors;TOTAL;Female;2017;38
TOTAL;3.4.-Pornography of minors;TOTAL;Female;2016;16
TOTAL;3.4.-Pornography of minors;TOTAL;Female;2015;15
TOTAL;3.4.-Pornography of minors;TOTAL;Female;2014;24
TOTAL;3.4.-Pornography of minors;TOTAL;Female;2013;32
TOTAL;3.4.-Pornography of minors;TOTAL;Female;2012;17
TOTAL;3.4.-Pornography of minors;TOTAL;Female;2011;20
TOTAL;3.4.-Pornography of minors;TOTAL;Female;2010;6
TOTAL;3.4.-Pornography of minors;TOTAL;Total;2024;616
TOTAL;3.4.-Pornography of minors;TOTAL;Total;2023;644
TOTAL;3.4.-Pornography of minors;TOTAL;Total;2022;459
TOTAL;3.4.-Pornography of minors;TOTAL;Total;2021;467
TOTAL;3.4.-Pornography of minors;TOTAL;Total;2020;450
TOTAL;3.4.-Pornography of minors;TOTAL;Total;2019;597
TOTAL;3.4.-Pornography of minors;TOTAL;Total;2018;649
TOTAL;3.4.-Pornography of minors;TOTAL;Total;2017;441
TOTAL;3.4.-Pornography of minors;TOTAL;Total;2016;422
TOTAL;3.4.-Pornography of minors;TOTAL;Total;2015;455
TOTAL;3.4.-Pornography of minors;TOTAL;Total;2014;437
TOTAL;3.4.-Pornography of minors;TOTAL;Total;2013;376
TOTAL;3.4.-Pornography of minors;TOTAL;Total;2012;493
TOTAL;3.4.-Pornography of minors;TOTAL;Total;2011;444
TOTAL;3.4.-Pornography of minors;TOTAL;Total;2010;483
